"marker","pct","Composer","direction","rank","AriaId","AriaName","AriaOpera","value","mean_galuppi","mean_perez","mean_jommelli","mean_hasse"
"Harmony_Chord_IV_Per",-4.56321907331708,"Baldassare Galuppi","high",1,515,"Fosca_nube","Did",0.169811320754717,0.0878873599275185,0.0740730711403317,0.0995550333645312,0.0825254510574882
"Harmony_Chord_IV_Per",-4.56321907331708,"Baldassare Galuppi","high",2,2035,"Cosi_stupisce","Art",0.168674698795181,0.0878873599275185,0.0740730711403317,0.0995550333645312,0.0825254510574882
"Harmony_Chord_IV_Per",-4.56321907331708,"Baldassare Galuppi","high",3,771,"La_face","Did",0.157894736842105,0.0878873599275185,0.0740730711403317,0.0995550333645312,0.0825254510574882
"Harmony_Chord_IV_Per",-4.56321907331708,"Davide Perez","low",1,1349,"O_sugli","Ale",0.0047169811320754,0.0878873599275185,0.0740730711403317,0.0995550333645312,0.0825254510574882
"Harmony_Chord_IV_Per",-4.56321907331708,"Davide Perez","low",2,1941,"Mi_scacci","Art",0.0111731843575419,0.0878873599275185,0.0740730711403317,0.0995550333645312,0.0825254510574882
"Harmony_Chord_IV_Per",-4.56321907331708,"Davide Perez","low",3,1989,"Non_e","Art",0.0125,0.0878873599275185,0.0740730711403317,0.0995550333645312,0.0825254510574882
"Harmony_Chord_IV_Per",-4.56321907331708,"Niccolò Jommelli","high",1,919,"Per_lei","Dem",0.205479452054795,0.0878873599275185,0.0740730711403317,0.0995550333645312,0.0825254510574882
"Harmony_Chord_IV_Per",-4.56321907331708,"Niccolò Jommelli","high",2,2085,"Va_tra","Art",0.204819277108434,0.0878873599275185,0.0740730711403317,0.0995550333645312,0.0825254510574882
"Harmony_Chord_IV_Per",-4.56321907331708,"Niccolò Jommelli","high",3,922,"Sperai_vicino","Dem",0.181372549019608,0.0878873599275185,0.0740730711403317,0.0995550333645312,0.0825254510574882
"Harmony_Chord_IV_Per",-4.56321907331708,"Johann Adolph Hasse","high",1,733,"Generoso_resvegliarti","Ale",0.201550387596899,0.0878873599275185,0.0740730711403317,0.0995550333645312,0.0825254510574882
"Harmony_Chord_IV_Per",-4.56321907331708,"Johann Adolph Hasse","high",2,868,"Ah_che","Dem",0.170588235294118,0.0878873599275185,0.0740730711403317,0.0995550333645312,0.0825254510574882
"Harmony_Chord_IV_Per",-4.56321907331708,"Johann Adolph Hasse","high",3,2076,"Pallido_il","Art",0.169590643274854,0.0878873599275185,0.0740730711403317,0.0995550333645312,0.0825254510574882
"Harmony_Chord_types_major.triad",4.42565236811561,"Baldassare Galuppi","low",1,1159,"Va_crescendo","Did",0.301587301587302,0.618217815210151,0.653721600473784,0.613075357048877,0.593972682177735
"Harmony_Chord_types_major.triad",4.42565236811561,"Baldassare Galuppi","low",2,2529,"Tormento_il","Did",0.364197530864197,0.618217815210151,0.653721600473784,0.613075357048877,0.593972682177735
"Harmony_Chord_types_major.triad",4.42565236811561,"Baldassare Galuppi","low",3,677,"Se_amore","Ale",0.38255033557047,0.618217815210151,0.653721600473784,0.613075357048877,0.593972682177735
"Harmony_Chord_types_major.triad",4.42565236811561,"Davide Perez","high",1,1350,"Se_mai","Ale",0.923076923076923,0.618217815210151,0.653721600473784,0.613075357048877,0.593972682177735
"Harmony_Chord_types_major.triad",4.42565236811561,"Davide Perez","high",2,1383,"Mio_ben","Ale",0.790393013100437,0.618217815210151,0.653721600473784,0.613075357048877,0.593972682177735
"Harmony_Chord_types_major.triad",4.42565236811561,"Davide Perez","high",3,694,"Se_mai","Ale",0.779411764705882,0.618217815210151,0.653721600473784,0.613075357048877,0.593972682177735
"Harmony_Chord_types_major.triad",4.42565236811561,"Niccolò Jommelli","low",1,1178,"Padre_perdona","Dem",0.324817518248175,0.618217815210151,0.653721600473784,0.613075357048877,0.593972682177735
"Harmony_Chord_types_major.triad",4.42565236811561,"Niccolò Jommelli","low",2,90,"Misero_pargoletto","Dem",0.340314136125654,0.618217815210151,0.653721600473784,0.613075357048877,0.593972682177735
"Harmony_Chord_types_major.triad",4.42565236811561,"Niccolò Jommelli","low",3,225,"Nel_duol","Did",0.3717277486911,0.618217815210151,0.653721600473784,0.613075357048877,0.593972682177735
"Harmony_Chord_types_major.triad",4.42565236811561,"Johann Adolph Hasse","low",1,570,"Prudente_mi","Dem",0.262857142857143,0.618217815210151,0.653721600473784,0.613075357048877,0.593972682177735
"Harmony_Chord_types_major.triad",4.42565236811561,"Johann Adolph Hasse","low",2,2727,"Prigioniera_abbandonata","Adr",0.334745762711864,0.618217815210151,0.653721600473784,0.613075357048877,0.593972682177735
"Harmony_Chord_types_major.triad",4.42565236811561,"Johann Adolph Hasse","low",3,747,"Perder_lamato","Ale",0.347417840375587,0.618217815210151,0.653721600473784,0.613075357048877,0.593972682177735
"Harmony_Chord_vi_Per",-9.57308128198852,"Baldassare Galuppi","high",1,1144,"Son_regina","Did",0.0797342192691029,0.0246257978138837,0.00879949622279173,0.0218126769490413,0.0282843218176205
"Harmony_Chord_vi_Per",-9.57308128198852,"Baldassare Galuppi","high",2,1284,"Dove_si","Ale",0.075,0.0246257978138837,0.00879949622279173,0.0218126769490413,0.0282843218176205
"Harmony_Chord_vi_Per",-9.57308128198852,"Baldassare Galuppi","high",3,1230,"Odo_il","Dem",0.0735294117647058,0.0246257978138837,0.00879949622279173,0.0218126769490413,0.0282843218176205
"Harmony_Chord_vi_Per",-9.57308128198852,"Davide Perez","low",1,2758,"Dal_labro","Adr",0,0.0246257978138837,0.00879949622279173,0.0218126769490413,0.0282843218176205
"Harmony_Chord_vi_Per",-9.57308128198852,"Davide Perez","low",2,2761,"Dopo_un","Adr",0,0.0246257978138837,0.00879949622279173,0.0218126769490413,0.0282843218176205
"Harmony_Chord_vi_Per",-9.57308128198852,"Davide Perez","low",3,2760,"Prigioniera_abbandonata","Adr",0,0.0246257978138837,0.00879949622279173,0.0218126769490413,0.0282843218176205
"Harmony_Chord_vi_Per",-9.57308128198852,"Niccolò Jommelli","high",1,1575,"Se_mai","Ale",0.0769230769230769,0.0246257978138837,0.00879949622279173,0.0218126769490413,0.0282843218176205
"Harmony_Chord_vi_Per",-9.57308128198852,"Niccolò Jommelli","high",2,2394,"Conservati_fedele","Art",0.0728155339805825,0.0246257978138837,0.00879949622279173,0.0218126769490413,0.0282843218176205
"Harmony_Chord_vi_Per",-9.57308128198852,"Niccolò Jommelli","high",3,344,"Tu_mi_scorgi","Did",0.0673400673400673,0.0246257978138837,0.00879949622279173,0.0218126769490413,0.0282843218176205
"Harmony_Chord_vi_Per",-9.57308128198852,"Johann Adolph Hasse","high",1,726,"Se_mai","Ale",0.113744075829384,0.0246257978138837,0.00879949622279173,0.0218126769490413,0.0282843218176205
"Harmony_Chord_vi_Per",-9.57308128198852,"Johann Adolph Hasse","high",2,2315,"Se_e","Ale",0.103571428571428,0.0246257978138837,0.00879949622279173,0.0218126769490413,0.0282843218176205
"Harmony_Chord_vi_Per",-9.57308128198852,"Johann Adolph Hasse","high",3,2287,"Se_mai","Ale",0.0909090909090909,0.0246257978138837,0.00879949622279173,0.0218126769490413,0.0282843218176205
"Harmony_Chords_Grouping_1sd_Per",-7.77634395151998,"Baldassare Galuppi","high",1,1144,"Son_regina","Did",0.219269102990033,0.131177384293843,0.0986661602147051,0.107418237443746,0.125201083411938
"Harmony_Chords_Grouping_1sd_Per",-7.77634395151998,"Baldassare Galuppi","high",2,2531,"Vado_ma","Did",0.20952380952381,0.131177384293843,0.0986661602147051,0.107418237443746,0.125201083411938
"Harmony_Chords_Grouping_1sd_Per",-7.77634395151998,"Baldassare Galuppi","high",3,2021,"Per_quel","Art",0.206642066420664,0.131177384293843,0.0986661602147051,0.107418237443746,0.125201083411938
"Harmony_Chords_Grouping_1sd_Per",-7.77634395151998,"Davide Perez","low",1,1342,"Vedrai_con","Ale",0.0436893203883495,0.131177384293843,0.0986661602147051,0.107418237443746,0.125201083411938
"Harmony_Chords_Grouping_1sd_Per",-7.77634395151998,"Davide Perez","low",2,1070,"Son_confusa","Ale",0.0444444444444444,0.131177384293843,0.0986661602147051,0.107418237443746,0.125201083411938
"Harmony_Chords_Grouping_1sd_Per",-7.77634395151998,"Davide Perez","low",3,1343,"Vil_trofeo","Ale",0.0454545454545454,0.131177384293843,0.0986661602147051,0.107418237443746,0.125201083411938
"Harmony_Chords_Grouping_1sd_Per",-7.77634395151998,"Niccolò Jommelli","low",1,149,"Quando_saprai","Did",0.025,0.131177384293843,0.0986661602147051,0.107418237443746,0.125201083411938
"Harmony_Chords_Grouping_1sd_Per",-7.77634395151998,"Niccolò Jommelli","low",2,2123,"Vo_solcando","Art",0.0421052631578947,0.131177384293843,0.0986661602147051,0.107418237443746,0.125201083411938
"Harmony_Chords_Grouping_1sd_Per",-7.77634395151998,"Niccolò Jommelli","low",3,91,"Se_tutti","Dem",0.0425531914893617,0.131177384293843,0.0986661602147051,0.107418237443746,0.125201083411938
"Harmony_Chords_Grouping_1sd_Per",-7.77634395151998,"Johann Adolph Hasse","high",1,2311,"Di_rendermi","Ale",0.240549828178694,0.131177384293843,0.0986661602147051,0.107418237443746,0.125201083411938
"Harmony_Chords_Grouping_1sd_Per",-7.77634395151998,"Johann Adolph Hasse","high",2,2315,"Se_e","Ale",0.232142857142857,0.131177384293843,0.0986661602147051,0.107418237443746,0.125201083411938
"Harmony_Chords_Grouping_1sd_Per",-7.77634395151998,"Johann Adolph Hasse","high",3,2288,"Chi_vive","Ale",0.227678571428571,0.131177384293843,0.0986661602147051,0.107418237443746,0.125201083411938
"Harmony_Chords_Grouping_2SD_Per",-10.0639355761857,"Baldassare Galuppi","high",1,1144,"Son_regina","Did",0.3421926910299,0.225239456011116,0.177780706159347,0.213755553462665,0.216545565523542
"Harmony_Chords_Grouping_2SD_Per",-10.0639355761857,"Baldassare Galuppi","high",2,2035,"Cosi_stupisce","Art",0.313253012048193,0.225239456011116,0.177780706159347,0.213755553462665,0.216545565523542
"Harmony_Chords_Grouping_2SD_Per",-10.0639355761857,"Baldassare Galuppi","high",3,2024,"Va_tra","Art",0.310344827586207,0.225239456011116,0.177780706159347,0.213755553462665,0.216545565523542
"Harmony_Chords_Grouping_2SD_Per",-10.0639355761857,"Davide Perez","low",1,1941,"Mi_scacci","Art",0.100558659217877,0.225239456011116,0.177780706159347,0.213755553462665,0.216545565523542
"Harmony_Chords_Grouping_2SD_Per",-10.0639355761857,"Davide Perez","low",2,105,"Se_resto","Did",0.109452736318408,0.225239456011116,0.177780706159347,0.213755553462665,0.216545565523542
"Harmony_Chords_Grouping_2SD_Per",-10.0639355761857,"Davide Perez","low",3,255,"Fra_tutte","Did",0.11063829787234,0.225239456011116,0.177780706159347,0.213755553462665,0.216545565523542
"Harmony_Chords_Grouping_2SD_Per",-10.0639355761857,"Niccolò Jommelli","high",1,366,"Fosca_nube","Did",0.307142857142857,0.225239456011116,0.177780706159347,0.213755553462665,0.216545565523542
"Harmony_Chords_Grouping_2SD_Per",-10.0639355761857,"Niccolò Jommelli","high",2,919,"Per_lei","Dem",0.301369863013699,0.225239456011116,0.177780706159347,0.213755553462665,0.216545565523542
"Harmony_Chords_Grouping_2SD_Per",-10.0639355761857,"Niccolò Jommelli","high",3,922,"Sperai_vicino","Dem",0.299019607843137,0.225239456011116,0.177780706159347,0.213755553462665,0.216545565523542
"Harmony_Chords_Grouping_2SD_Per",-10.0639355761857,"Johann Adolph Hasse","high",1,2311,"Di_rendermi","Ale",0.36426116838488,0.225239456011116,0.177780706159347,0.213755553462665,0.216545565523542
"Harmony_Chords_Grouping_2SD_Per",-10.0639355761857,"Johann Adolph Hasse","high",2,2315,"Se_e","Ale",0.314285714285714,0.225239456011116,0.177780706159347,0.213755553462665,0.216545565523542
"Harmony_Chords_Grouping_2SD_Per",-10.0639355761857,"Johann Adolph Hasse","high",3,232,"Ombra_cara","Did",0.314207650273224,0.225239456011116,0.177780706159347,0.213755553462665,0.216545565523542
"Harmony_Chords_Grouping_2T_Per",8.86034728345633,"Baldassare Galuppi","low",1,2043,"Perche_tarda","Art",0.25,0.345385045279441,0.383847453698278,0.336588098939233,0.327207685161082
"Harmony_Chords_Grouping_2T_Per",8.86034728345633,"Baldassare Galuppi","low",2,1144,"Son_regina","Did",0.255813953488372,0.345385045279441,0.383847453698278,0.336588098939233,0.327207685161082
"Harmony_Chords_Grouping_2T_Per",8.86034728345633,"Baldassare Galuppi","low",3,109,"Se_resto","Did",0.264925373134328,0.345385045279441,0.383847453698278,0.336588098939233,0.327207685161082
"Harmony_Chords_Grouping_2T_Per",8.86034728345633,"Davide Perez","high",1,1350,"Se_mai","Ale",0.5,0.345385045279441,0.383847453698278,0.336588098939233,0.327207685161082
"Harmony_Chords_Grouping_2T_Per",8.86034728345633,"Davide Perez","high",2,1989,"Non_e","Art",0.475,0.345385045279441,0.383847453698278,0.336588098939233,0.327207685161082
"Harmony_Chords_Grouping_2T_Per",8.86034728345633,"Davide Perez","high",3,1071,"Ombra_dell","Ale",0.46031746031746,0.345385045279441,0.383847453698278,0.336588098939233,0.327207685161082
"Harmony_Chords_Grouping_2T_Per",8.86034728345633,"Niccolò Jommelli","low",1,344,"Tu_mi_scorgi","Did",0.245791245791246,0.345385045279441,0.383847453698278,0.336588098939233,0.327207685161082
"Harmony_Chords_Grouping_2T_Per",8.86034728345633,"Niccolò Jommelli","low",2,2398,"Mi_scacci","Art",0.251572327044025,0.345385045279441,0.383847453698278,0.336588098939233,0.327207685161082
"Harmony_Chords_Grouping_2T_Per",8.86034728345633,"Niccolò Jommelli","low",3,941,"Sperai_vicino","Dem",0.25296442687747,0.345385045279441,0.383847453698278,0.336588098939233,0.327207685161082
"Harmony_Chords_Grouping_2T_Per",8.86034728345633,"Johann Adolph Hasse","low",1,2159,"Cosi_stupisce","Art",0.208510638297872,0.345385045279441,0.383847453698278,0.336588098939233,0.327207685161082
"Harmony_Chords_Grouping_2T_Per",8.86034728345633,"Johann Adolph Hasse","low",2,2320,"Dove_si","Ale",0.225274725274725,0.345385045279441,0.383847453698278,0.336588098939233,0.327207685161082
"Harmony_Chords_Grouping_2T_Per",8.86034728345633,"Johann Adolph Hasse","low",3,2309,"Se_viver","Ale",0.233695652173913,0.345385045279441,0.383847453698278,0.336588098939233,0.327207685161082
"Harmony_Key_Modulatory_vi",-5.39435603057179,"Baldassare Galuppi","high",1,1268,"Se_la","Ale",0.3,0.10547093837535,0.0639332544612048,0.135620374457584,0.107602858722262
"Harmony_Key_Modulatory_vi",-5.39435603057179,"Baldassare Galuppi","high",2,1213,"Prudente_mi","Dem",0.285714285714286,0.10547093837535,0.0639332544612048,0.135620374457584,0.107602858722262
"Harmony_Key_Modulatory_vi",-5.39435603057179,"Baldassare Galuppi","high",3,1211,"Padre_perdona","Dem",0.25,0.10547093837535,0.0639332544612048,0.135620374457584,0.107602858722262
"Harmony_Key_Modulatory_vi",-5.39435603057179,"Davide Perez","low",1,2758,"Dal_labro","Adr",0,0.10547093837535,0.0639332544612048,0.135620374457584,0.107602858722262
"Harmony_Key_Modulatory_vi",-5.39435603057179,"Davide Perez","low",2,2759,"Sprezza_il","Adr",0,0.10547093837535,0.0639332544612048,0.135620374457584,0.107602858722262
"Harmony_Key_Modulatory_vi",-5.39435603057179,"Davide Perez","low",3,2760,"Prigioniera_abbandonata","Adr",0,0.10547093837535,0.0639332544612048,0.135620374457584,0.107602858722262
"Harmony_Key_Modulatory_vi",-5.39435603057179,"Niccolò Jommelli","high",1,2382,"Bramar_di","Art",0.333333333333333,0.10547093837535,0.0639332544612048,0.135620374457584,0.107602858722262
"Harmony_Key_Modulatory_vi",-5.39435603057179,"Niccolò Jommelli","high",2,2399,"Se_dun","Art",0.333333333333333,0.10547093837535,0.0639332544612048,0.135620374457584,0.107602858722262
"Harmony_Key_Modulatory_vi",-5.39435603057179,"Niccolò Jommelli","high",3,2233,"Tu_vuoi","Art",0.333333333333333,0.10547093837535,0.0639332544612048,0.135620374457584,0.107602858722262
"Harmony_Key_Modulatory_vi",-5.39435603057179,"Johann Adolph Hasse","high",1,2142,"Se_del","Art",0.333333333333333,0.10547093837535,0.0639332544612048,0.135620374457584,0.107602858722262
"Harmony_Key_Modulatory_vi",-5.39435603057179,"Johann Adolph Hasse","high",2,2284,"Vil_trofeo","Ale",0.285714285714286,0.10547093837535,0.0639332544612048,0.135620374457584,0.107602858722262
"Harmony_Key_Modulatory_vi",-5.39435603057179,"Johann Adolph Hasse","high",3,738,"Spera_si","Ale",0.285714285714286,0.10547093837535,0.0639332544612048,0.135620374457584,0.107602858722262
"Harmony_Key_iii_PercentageMeasures",-7.6655315711122,"Baldassare Galuppi","high",1,1147,"Tu_mi_scorgi","Did",0.188118811881188,0.0385478589935768,0.0124600299551543,0.00896934815772817,0.0106747290454628
"Harmony_Key_iii_PercentageMeasures",-7.6655315711122,"Baldassare Galuppi","high",2,1240,"Il_suo","Dem",0.137071651090343,0.0385478589935768,0.0124600299551543,0.00896934815772817,0.0106747290454628
"Harmony_Key_iii_PercentageMeasures",-7.6655315711122,"Baldassare Galuppi","high",3,705,"Dove_si","Ale",0.136968085106383,0.0385478589935768,0.0124600299551543,0.00896934815772817,0.0106747290454628
"Harmony_Key_iii_PercentageMeasures",-7.6655315711122,"Davide Perez","low",1,2758,"Dal_labro","Adr",0,0.0385478589935768,0.0124600299551543,0.00896934815772817,0.0106747290454628
"Harmony_Key_iii_PercentageMeasures",-7.6655315711122,"Davide Perez","low",2,2759,"Sprezza_il","Adr",0,0.0385478589935768,0.0124600299551543,0.00896934815772817,0.0106747290454628
"Harmony_Key_iii_PercentageMeasures",-7.6655315711122,"Davide Perez","low",3,2760,"Prigioniera_abbandonata","Adr",0,0.0385478589935768,0.0124600299551543,0.00896934815772817,0.0106747290454628
"Harmony_Key_iii_PercentageMeasures",-7.6655315711122,"Niccolò Jommelli","low",1,1571,"Vedrai_con","Ale",0,0.0385478589935768,0.0124600299551543,0.00896934815772817,0.0106747290454628
"Harmony_Key_iii_PercentageMeasures",-7.6655315711122,"Niccolò Jommelli","low",2,1576,"Vil_trofeo","Ale",0,0.0385478589935768,0.0124600299551543,0.00896934815772817,0.0106747290454628
"Harmony_Key_iii_PercentageMeasures",-7.6655315711122,"Niccolò Jommelli","low",3,1572,"Chi_vive","Ale",0,0.0385478589935768,0.0124600299551543,0.00896934815772817,0.0106747290454628
"Harmony_Key_iii_PercentageMeasures",-7.6655315711122,"Johann Adolph Hasse","low",1,2723,"Dal_labro","Adr",0,0.0385478589935768,0.0124600299551543,0.00896934815772817,0.0106747290454628
"Harmony_Key_iii_PercentageMeasures",-7.6655315711122,"Johann Adolph Hasse","low",2,2724,"Sprezza_il","Adr",0,0.0385478589935768,0.0124600299551543,0.00896934815772817,0.0106747290454628
"Harmony_Key_iii_PercentageMeasures",-7.6655315711122,"Johann Adolph Hasse","low",3,2726,"E_vero","Adr",0,0.0385478589935768,0.0124600299551543,0.00896934815772817,0.0106747290454628
"NumericTempo",5.26930135236625,"Baldassare Galuppi","low",1,2488,"Tu_vuoi","Art",38,89.184,97.7935483870968,88.7213114754098,97.6703910614525
"NumericTempo",5.26930135236625,"Baldassare Galuppi","low",2,677,"Se_amore","Ale",40,89.184,97.7935483870968,88.7213114754098,97.6703910614525
"NumericTempo",5.26930135236625,"Baldassare Galuppi","low",3,708,"Ombra_dell","Ale",40,89.184,97.7935483870968,88.7213114754098,97.6703910614525
"NumericTempo",5.26930135236625,"Davide Perez","high",1,719,"Serbati_a","Ale",180,89.184,97.7935483870968,88.7213114754098,97.6703910614525
"NumericTempo",5.26930135236625,"Davide Perez","high",2,129,"Cadra_fra","Did",168,89.184,97.7935483870968,88.7213114754098,97.6703910614525
"NumericTempo",5.26930135236625,"Davide Perez","high",3,1344,"Chi_vive","Ale",152,89.184,97.7935483870968,88.7213114754098,97.6703910614525
"NumericTempo",5.26930135236625,"Niccolò Jommelli","low",1,2099,"Per_quel","Art",40,89.184,97.7935483870968,88.7213114754098,97.6703910614525
"NumericTempo",5.26930135236625,"Niccolò Jommelli","low",2,500,"Padre_perdona","Dem",40,89.184,97.7935483870968,88.7213114754098,97.6703910614525
"NumericTempo",5.26930135236625,"Niccolò Jommelli","low",3,91,"Se_tutti","Dem",40,89.184,97.7935483870968,88.7213114754098,97.6703910614525
"NumericTempo",5.26930135236625,"Johann Adolph Hasse","high",1,2093,"Spiega_i","Art",220,89.184,97.7935483870968,88.7213114754098,97.6703910614525
"NumericTempo",5.26930135236625,"Johann Adolph Hasse","high",2,2298,"O_sugli","Ale",200,89.184,97.7935483870968,88.7213114754098,97.6703910614525
"NumericTempo",5.26930135236625,"Johann Adolph Hasse","high",3,2299,"Senza_procelle","Ale",200,89.184,97.7935483870968,88.7213114754098,97.6703910614525
"PartBs_Degree1_Per_relative",7.75175969467434,"Baldassare Galuppi","low",1,666,"A_trionfar","Did",0.129204892966361,0.275112191830426,0.341136695957396,0.323197502390238,0.250548205685847
"PartBs_Degree1_Per_relative",7.75175969467434,"Baldassare Galuppi","low",2,677,"Se_amore","Ale",0.154411764705882,0.275112191830426,0.341136695957396,0.323197502390238,0.250548205685847
"PartBs_Degree1_Per_relative",7.75175969467434,"Baldassare Galuppi","low",3,2030,"Londa_dal","Art",0.158208955223881,0.275112191830426,0.341136695957396,0.323197502390238,0.250548205685847
"PartBs_Degree1_Per_relative",7.75175969467434,"Davide Perez","high",1,1070,"Son_confusa","Ale",0.53030303030303,0.275112191830426,0.341136695957396,0.323197502390238,0.250548205685847
"PartBs_Degree1_Per_relative",7.75175969467434,"Davide Perez","high",2,1350,"Se_mai","Ale",0.529411764705882,0.275112191830426,0.341136695957396,0.323197502390238,0.250548205685847
"PartBs_Degree1_Per_relative",7.75175969467434,"Davide Perez","high",3,2765,"Infelice_invan","Adr",0.523346303501946,0.275112191830426,0.341136695957396,0.323197502390238,0.250548205685847
"PartBs_Degree1_Per_relative",7.75175969467434,"Niccolò Jommelli","high",1,934,"Odo_il","Dem",0.718855218855219,0.275112191830426,0.341136695957396,0.323197502390238,0.250548205685847
"PartBs_Degree1_Per_relative",7.75175969467434,"Niccolò Jommelli","high",2,348,"Se_dalle","Did",0.682178217821782,0.275112191830426,0.341136695957396,0.323197502390238,0.250548205685847
"PartBs_Degree1_Per_relative",7.75175969467434,"Niccolò Jommelli","high",3,2420,"Cosi_stupisce","Art",0.631217838765009,0.275112191830426,0.341136695957396,0.323197502390238,0.250548205685847
"PartBs_Degree1_Per_relative",7.75175969467434,"Johann Adolph Hasse","low",1,192,"Vedi_nel","Did",0.121301775147929,0.275112191830426,0.341136695957396,0.323197502390238,0.250548205685847
"PartBs_Degree1_Per_relative",7.75175969467434,"Johann Adolph Hasse","low",2,2725,"Dopo_un","Adr",0.123745819397993,0.275112191830426,0.341136695957396,0.323197502390238,0.250548205685847
"PartBs_Degree1_Per_relative",7.75175969467434,"Johann Adolph Hasse","low",3,2288,"Chi_vive","Ale",0.135897435897436,0.275112191830426,0.341136695957396,0.323197502390238,0.250548205685847
"PartBs_Degree2_Per_relative",-8.17604397601377,"Baldassare Galuppi","high",1,708,"Ombra_dell","Ale",0.121212121212121,0.0559078457884879,0.035288284642889,0.055653086354689,0.0655878573829371
"PartBs_Degree2_Per_relative",-8.17604397601377,"Baldassare Galuppi","high",2,2017,"Rendimi_il","Art",0.119672131147541,0.0559078457884879,0.035288284642889,0.055653086354689,0.0655878573829371
"PartBs_Degree2_Per_relative",-8.17604397601377,"Baldassare Galuppi","high",3,679,"Frangi_la","Ale",0.106382978723404,0.0559078457884879,0.035288284642889,0.055653086354689,0.0655878573829371
"PartBs_Degree2_Per_relative",-8.17604397601377,"Davide Perez","low",1,1350,"Se_mai","Ale",0,0.0559078457884879,0.035288284642889,0.055653086354689,0.0655878573829371
"PartBs_Degree2_Per_relative",-8.17604397601377,"Davide Perez","low",2,2773,"Digli_che_un","Adr",0.0035971223021582,0.0559078457884879,0.035288284642889,0.055653086354689,0.0655878573829371
"PartBs_Degree2_Per_relative",-8.17604397601377,"Davide Perez","low",3,2766,"Ah_ingrato","Adr",0.0042105263157894,0.0559078457884879,0.035288284642889,0.055653086354689,0.0655878573829371
"PartBs_Degree2_Per_relative",-8.17604397601377,"Niccolò Jommelli","high",1,222,"Vivi_superbo","Did",0.142191142191142,0.0559078457884879,0.035288284642889,0.055653086354689,0.0655878573829371
"PartBs_Degree2_Per_relative",-8.17604397601377,"Niccolò Jommelli","high",2,200,"Tu_mi_scorgi","Did",0.13589364844904,0.0559078457884879,0.035288284642889,0.055653086354689,0.0655878573829371
"PartBs_Degree2_Per_relative",-8.17604397601377,"Niccolò Jommelli","high",3,2179,"Figlio_se","Art",0.124324324324324,0.0559078457884879,0.035288284642889,0.055653086354689,0.0655878573829371
"PartBs_Degree2_Per_relative",-8.17604397601377,"Johann Adolph Hasse","high",1,2282,"E_prezzo","Ale",0.186968838526912,0.0559078457884879,0.035288284642889,0.055653086354689,0.0655878573829371
"PartBs_Degree2_Per_relative",-8.17604397601377,"Johann Adolph Hasse","high",2,2304,"E_ver","Ale",0.175257731958763,0.0559078457884879,0.035288284642889,0.055653086354689,0.0655878573829371
"PartBs_Degree2_Per_relative",-8.17604397601377,"Johann Adolph Hasse","high",3,2724,"Sprezza_il","Adr",0.146953405017921,0.0559078457884879,0.035288284642889,0.055653086354689,0.0655878573829371
"PartBs_Degree3_Per_relative",-7.23547427345671,"Baldassare Galuppi","high",1,1281,"Se_viver","Ale",0.223300970873786,0.126715768461588,0.0993077746344583,0.0911956030075352,0.108525339643342
"PartBs_Degree3_Per_relative",-7.23547427345671,"Baldassare Galuppi","high",2,701,"Il_regno","Ale",0.205985915492958,0.126715768461588,0.0993077746344583,0.0911956030075352,0.108525339643342
"PartBs_Degree3_Per_relative",-7.23547427345671,"Baldassare Galuppi","high",3,686,"Se_dalle","Did",0.204787234042553,0.126715768461588,0.0993077746344583,0.0911956030075352,0.108525339643342
"PartBs_Degree3_Per_relative",-7.23547427345671,"Davide Perez","low",1,1380,"Se_troppo","Ale",0.0295081967213114,0.126715768461588,0.0993077746344583,0.0911956030075352,0.108525339643342
"PartBs_Degree3_Per_relative",-7.23547427345671,"Davide Perez","low",2,1070,"Son_confusa","Ale",0.0324675324675324,0.126715768461588,0.0993077746344583,0.0911956030075352,0.108525339643342
"PartBs_Degree3_Per_relative",-7.23547427345671,"Davide Perez","low",3,719,"Serbati_a","Ale",0.034090909090909,0.126715768461588,0.0993077746344583,0.0911956030075352,0.108525339643342
"PartBs_Degree3_Per_relative",-7.23547427345671,"Niccolò Jommelli","low",1,373,"Va_crescendo","Did",0.0053475935828877,0.126715768461588,0.0993077746344583,0.0911956030075352,0.108525339643342
"PartBs_Degree3_Per_relative",-7.23547427345671,"Niccolò Jommelli","low",2,934,"Odo_il","Dem",0.0252525252525252,0.126715768461588,0.0993077746344583,0.0911956030075352,0.108525339643342
"PartBs_Degree3_Per_relative",-7.23547427345671,"Niccolò Jommelli","low",3,2413,"Non_e","Art",0.0254777070063694,0.126715768461588,0.0993077746344583,0.0911956030075352,0.108525339643342
"PartBs_Degree3_Per_relative",-7.23547427345671,"Johann Adolph Hasse","low",1,2300,"Sommi_dei","Ale",0.0151515151515151,0.126715768461588,0.0993077746344583,0.0911956030075352,0.108525339643342
"PartBs_Degree3_Per_relative",-7.23547427345671,"Johann Adolph Hasse","low",2,2105,"Tu_vuoi","Art",0.0291005291005291,0.126715768461588,0.0993077746344583,0.0911956030075352,0.108525339643342
"PartBs_Degree3_Per_relative",-7.23547427345671,"Johann Adolph Hasse","low",3,724,"Sappresti_omai","Ale",0.0401785714285714,0.126715768461588,0.0993077746344583,0.0911956030075352,0.108525339643342
"PartBs_Degree4_Per_relative",-4.81735043405723,"Baldassare Galuppi","high",1,1267,"Chi_vive","Ale",0.22979797979798,0.145205402243457,0.122551860946893,0.12047391773043,0.128411160241418
"PartBs_Degree4_Per_relative",-4.81735043405723,"Baldassare Galuppi","high",2,701,"Il_regno","Ale",0.227112676056338,0.145205402243457,0.122551860946893,0.12047391773043,0.128411160241418
"PartBs_Degree4_Per_relative",-4.81735043405723,"Baldassare Galuppi","high",3,1212,"Se_ardire","Dem",0.212271973466003,0.145205402243457,0.122551860946893,0.12047391773043,0.128411160241418
"PartBs_Degree4_Per_relative",-4.81735043405723,"Davide Perez","low",1,710,"Destrier_che","Ale",0.0361077111383108,0.145205402243457,0.122551860946893,0.12047391773043,0.128411160241418
"PartBs_Degree4_Per_relative",-4.81735043405723,"Davide Perez","low",2,2765,"Infelice_invan","Adr",0.0544747081712062,0.145205402243457,0.122551860946893,0.12047391773043,0.128411160241418
"PartBs_Degree4_Per_relative",-4.81735043405723,"Davide Perez","low",3,691,"Vil_trofeo","Ale",0.0544918998527245,0.145205402243457,0.122551860946893,0.12047391773043,0.128411160241418
"PartBs_Degree4_Per_relative",-4.81735043405723,"Niccolò Jommelli","low",1,2420,"Cosi_stupisce","Art",0.0377358490566037,0.145205402243457,0.122551860946893,0.12047391773043,0.128411160241418
"PartBs_Degree4_Per_relative",-4.81735043405723,"Niccolò Jommelli","low",2,382,"Infidel_ti","Did",0.0505287896592244,0.145205402243457,0.122551860946893,0.12047391773043,0.128411160241418
"PartBs_Degree4_Per_relative",-4.81735043405723,"Niccolò Jommelli","low",3,358,"Datre_nubi","Did",0.0528068506184586,0.145205402243457,0.122551860946893,0.12047391773043,0.128411160241418
"PartBs_Degree4_Per_relative",-4.81735043405723,"Johann Adolph Hasse","low",1,727,"Se_possono","Ale",0.0606060606060606,0.145205402243457,0.122551860946893,0.12047391773043,0.128411160241418
"PartBs_Degree4_Per_relative",-4.81735043405723,"Johann Adolph Hasse","low",2,2300,"Sommi_dei","Ale",0.0606060606060606,0.145205402243457,0.122551860946893,0.12047391773043,0.128411160241418
"PartBs_Degree4_Per_relative",-4.81735043405723,"Johann Adolph Hasse","low",3,728,"Vuoi_saper","Ale",0.063231850117096,0.145205402243457,0.122551860946893,0.12047391773043,0.128411160241418
"PartBs_Degree5_Per_relative",4.83904247505018,"Baldassare Galuppi","low",1,1209,"Tintendo_ingrata","Dem",0.154302670623145,0.256087274142558,0.289584327512731,0.244215957720671,0.274939308020024
"PartBs_Degree5_Per_relative",4.83904247505018,"Baldassare Galuppi","low",2,769,"Fosca_nube","Did",0.15839243498818,0.256087274142558,0.289584327512731,0.244215957720671,0.274939308020024
"PartBs_Degree5_Per_relative",4.83904247505018,"Baldassare Galuppi","low",3,2035,"Cosi_stupisce","Art",0.160869565217391,0.256087274142558,0.289584327512731,0.244215957720671,0.274939308020024
"PartBs_Degree5_Per_relative",4.83904247505018,"Davide Perez","high",1,710,"Destrier_che","Ale",0.641370869033048,0.256087274142558,0.289584327512731,0.244215957720671,0.274939308020024
"PartBs_Degree5_Per_relative",4.83904247505018,"Davide Perez","high",2,1382,"Dove_si","Ale",0.461261261261261,0.256087274142558,0.289584327512731,0.244215957720671,0.274939308020024
"PartBs_Degree5_Per_relative",4.83904247505018,"Davide Perez","high",3,2773,"Digli_che_un","Adr",0.442446043165468,0.256087274142558,0.289584327512731,0.244215957720671,0.274939308020024
"PartBs_Degree5_Per_relative",4.83904247505018,"Niccolò Jommelli","low",1,348,"Se_dalle","Did",0.095049504950495,0.256087274142558,0.289584327512731,0.244215957720671,0.274939308020024
"PartBs_Degree5_Per_relative",4.83904247505018,"Niccolò Jommelli","low",2,934,"Odo_il","Dem",0.101010101010101,0.256087274142558,0.289584327512731,0.244215957720671,0.274939308020024
"PartBs_Degree5_Per_relative",4.83904247505018,"Niccolò Jommelli","low",3,2421,"Mi_credi","Art",0.132075471698113,0.256087274142558,0.289584327512731,0.244215957720671,0.274939308020024
"PartBs_Degree5_Per_relative",4.83904247505018,"Johann Adolph Hasse","high",1,2048,"Non_ti","Art",0.484662576687116,0.256087274142558,0.289584327512731,0.244215957720671,0.274939308020024
"PartBs_Degree5_Per_relative",4.83904247505018,"Johann Adolph Hasse","high",2,745,"Quanto_mai","Ezi",0.48396501457726,0.256087274142558,0.289584327512731,0.244215957720671,0.274939308020024
"PartBs_Degree5_Per_relative",4.83904247505018,"Johann Adolph Hasse","high",3,865,"La_destra","Dem",0.450867052023121,0.256087274142558,0.289584327512731,0.244215957720671,0.274939308020024
"PartBs_Degree6_Per_relative",-7.52548663293722,"Baldassare Galuppi","high",1,1243,"Che_mai","Dem",0.129411764705882,0.0470818009442264,0.0275963330982739,0.0548158233499254,0.061101885981819
"PartBs_Degree6_Per_relative",-7.52548663293722,"Baldassare Galuppi","high",2,488,"Quando_saprai","Did",0.106796116504854,0.0470818009442264,0.0275963330982739,0.0548158233499254,0.061101885981819
"PartBs_Degree6_Per_relative",-7.52548663293722,"Baldassare Galuppi","high",3,1283,"Finche_rimango","Ale",0.0954198473282442,0.0470818009442264,0.0275963330982739,0.0548158233499254,0.061101885981819
"PartBs_Degree6_Per_relative",-7.52548663293722,"Davide Perez","low",1,1350,"Se_mai","Ale",0,0.0470818009442264,0.0275963330982739,0.0548158233499254,0.061101885981819
"PartBs_Degree6_Per_relative",-7.52548663293722,"Davide Perez","low",2,694,"Se_mai","Ale",0,0.0470818009442264,0.0275963330982739,0.0548158233499254,0.061101885981819
"PartBs_Degree6_Per_relative",-7.52548663293722,"Davide Perez","low",3,1066,"Vanne_piu","Ale",0,0.0470818009442264,0.0275963330982739,0.0548158233499254,0.061101885981819
"PartBs_Degree6_Per_relative",-7.52548663293722,"Niccolò Jommelli","high",1,953,"Misero_pargoletto","Dem",0.132231404958678,0.0470818009442264,0.0275963330982739,0.0548158233499254,0.061101885981819
"PartBs_Degree6_Per_relative",-7.52548663293722,"Niccolò Jommelli","high",2,120,"Se_tutti","Dem",0.124113475177305,0.0470818009442264,0.0275963330982739,0.0548158233499254,0.061101885981819
"PartBs_Degree6_Per_relative",-7.52548663293722,"Niccolò Jommelli","high",3,2085,"Va_tra","Art",0.120200333889816,0.0470818009442264,0.0275963330982739,0.0548158233499254,0.061101885981819
"PartBs_Degree6_Per_relative",-7.52548663293722,"Johann Adolph Hasse","high",1,2129,"Non_ti","Art",0.137931034482759,0.0470818009442264,0.0275963330982739,0.0548158233499254,0.061101885981819
"PartBs_Degree6_Per_relative",-7.52548663293722,"Johann Adolph Hasse","high",2,2309,"Se_viver","Ale",0.137795275590551,0.0470818009442264,0.0275963330982739,0.0548158233499254,0.061101885981819
"PartBs_Degree6_Per_relative",-7.52548663293722,"Johann Adolph Hasse","high",3,2320,"Dove_si","Ale",0.124731182795699,0.0470818009442264,0.0275963330982739,0.0548158233499254,0.061101885981819
"PartBs_DynMean",5.28702875718257,"Baldassare Galuppi","low",1,117,"Se_tutti","Dem",43.4705882352941,64.8278357723162,66.8330234375717,66.0141568542917,67.7643172998628
"PartBs_DynMean",5.28702875718257,"Baldassare Galuppi","low",2,1279,"Digli_che","Ale",48.3333333333333,64.8278357723162,66.8330234375717,66.0141568542917,67.7643172998628
"PartBs_DynMean",5.28702875718257,"Baldassare Galuppi","low",3,671,"Chi_vive","Ale",50.48,64.8278357723162,66.8330234375717,66.0141568542917,67.7643172998628
"PartBs_DynMean",5.28702875718257,"Davide Perez","high",1,263,"Quel_nocchier","Did",74.0714285714286,64.8278357723162,66.8330234375717,66.0141568542917,67.7643172998628
"PartBs_DynMean",5.28702875718257,"Davide Perez","high",2,691,"Vil_trofeo","Ale",73.8529411764706,64.8278357723162,66.8330234375717,66.0141568542917,67.7643172998628
"PartBs_DynMean",5.28702875718257,"Davide Perez","high",3,247,"Sho_la","Did",73.78125,64.8278357723162,66.8330234375717,66.0141568542917,67.7643172998628
"PartBs_DynMean",5.28702875718257,"Niccolò Jommelli","high",1,463,"O_piu","Dem",73.3939393939394,64.8278357723162,66.8330234375717,66.0141568542917,67.7643172998628
"PartBs_DynMean",5.28702875718257,"Niccolò Jommelli","high",2,356,"Son_quel","Did",72.5434782608696,64.8278357723162,66.8330234375717,66.0141568542917,67.7643172998628
"PartBs_DynMean",5.28702875718257,"Niccolò Jommelli","high",3,464,"In_te","Dem",72.2142857142857,64.8278357723162,66.8330234375717,66.0141568542917,67.7643172998628
"PartBs_DynMean",5.28702875718257,"Johann Adolph Hasse","high",1,2728,"Vuoi_punir","Adr",79.55,64.8278357723162,66.8330234375717,66.0141568542917,67.7643172998628
"PartBs_DynMean",5.28702875718257,"Johann Adolph Hasse","high",2,2725,"Dopo_un","Adr",75.9166666666667,64.8278357723162,66.8330234375717,66.0141568542917,67.7643172998628
"PartBs_DynMean",5.28702875718257,"Johann Adolph Hasse","high",3,725,"Se_mai","Ale",75,64.8278357723162,66.8330234375717,66.0141568542917,67.7643172998628
"PartHnII_IntervalM3_Per",5.00744659159968,"Baldassare Galuppi","low",1,668,"E_prezzo","Ale",0,0.00525325538401791,0.0159127194171043,0.00566413767976459,0.00213842541049775
"PartHnII_IntervalM3_Per",5.00744659159968,"Baldassare Galuppi","low",2,1263,"Vedrai_con","Ale",0,0.00525325538401791,0.0159127194171043,0.00566413767976459,0.00213842541049775
"PartHnII_IntervalM3_Per",5.00744659159968,"Baldassare Galuppi","low",3,669,"Vedrai_con","Ale",0,0.00525325538401791,0.0159127194171043,0.00566413767976459,0.00213842541049775
"PartHnII_IntervalM3_Per",5.00744659159968,"Davide Perez","high",1,1342,"Vedrai_con","Ale",0.150234741784038,0.00525325538401791,0.0159127194171043,0.00566413767976459,0.00213842541049775
"PartHnII_IntervalM3_Per",5.00744659159968,"Davide Perez","high",2,244,"Se_dalle","Did",0.111607142857143,0.00525325538401791,0.0159127194171043,0.00566413767976459,0.00213842541049775
"PartHnII_IntervalM3_Per",5.00744659159968,"Davide Perez","high",3,718,"Son_confusa","Ale",0.0902777777777777,0.00525325538401791,0.0159127194171043,0.00566413767976459,0.00213842541049775
"PartHnII_IntervalM3_Per",5.00744659159968,"Niccolò Jommelli","low",1,1572,"Chi_vive","Ale",0,0.00525325538401791,0.0159127194171043,0.00566413767976459,0.00213842541049775
"PartHnII_IntervalM3_Per",5.00744659159968,"Niccolò Jommelli","low",2,1497,"Se_mai","Ale",0,0.00525325538401791,0.0159127194171043,0.00566413767976459,0.00213842541049775
"PartHnII_IntervalM3_Per",5.00744659159968,"Niccolò Jommelli","low",3,1608,"Se_mai","Ale",0,0.00525325538401791,0.0159127194171043,0.00566413767976459,0.00213842541049775
"PartHnII_IntervalM3_Per",5.00744659159968,"Johann Adolph Hasse","low",1,2723,"Dal_labro","Adr",0,0.00525325538401791,0.0159127194171043,0.00566413767976459,0.00213842541049775
"PartHnII_IntervalM3_Per",5.00744659159968,"Johann Adolph Hasse","low",2,2725,"Dopo_un","Adr",0,0.00525325538401791,0.0159127194171043,0.00566413767976459,0.00213842541049775
"PartHnII_IntervalM3_Per",5.00744659159968,"Johann Adolph Hasse","low",3,2726,"E_vero","Adr",0,0.00525325538401791,0.0159127194171043,0.00566413767976459,0.00213842541049775
"PartHnII_IntervalP.8_Per",-6.62568059586078,"Baldassare Galuppi","high",1,1226,"Perfidi_gia","Dem",0.0568181818181818,0.00662912930422282,0.000183269264243044,0.00752611525139234,0.00258245368479124
"PartHnII_IntervalP.8_Per",-6.62568059586078,"Baldassare Galuppi","high",2,2035,"Cosi_stupisce","Art",0.0530973451327433,0.00662912930422282,0.000183269264243044,0.00752611525139234,0.00258245368479124
"PartHnII_IntervalP.8_Per",-6.62568059586078,"Baldassare Galuppi","high",3,1208,"Per_lei","Dem",0.0476190476190476,0.00662912930422282,0.000183269264243044,0.00752611525139234,0.00258245368479124
"PartHnII_IntervalP.8_Per",-6.62568059586078,"Davide Perez","low",1,2758,"Dal_labro","Adr",0,0.00662912930422282,0.000183269264243044,0.00752611525139234,0.00258245368479124
"PartHnII_IntervalP.8_Per",-6.62568059586078,"Davide Perez","low",2,2759,"Sprezza_il","Adr",0,0.00662912930422282,0.000183269264243044,0.00752611525139234,0.00258245368479124
"PartHnII_IntervalP.8_Per",-6.62568059586078,"Davide Perez","low",3,2761,"Dopo_un","Adr",0,0.00662912930422282,0.000183269264243044,0.00752611525139234,0.00258245368479124
"PartHnII_IntervalP.8_Per",-6.62568059586078,"Niccolò Jommelli","high",1,2160,"Su_le","Art",0.117647058823529,0.00662912930422282,0.000183269264243044,0.00752611525139234,0.00258245368479124
"PartHnII_IntervalP.8_Per",-6.62568059586078,"Niccolò Jommelli","high",2,357,"Son_quel","Did",0.0935251798561151,0.00662912930422282,0.000183269264243044,0.00752611525139234,0.00258245368479124
"PartHnII_IntervalP.8_Per",-6.62568059586078,"Niccolò Jommelli","high",3,1611,"Dove_si","Ale",0.0924369747899159,0.00662912930422282,0.000183269264243044,0.00752611525139234,0.00258245368479124
"PartHnII_IntervalP.8_Per",-6.62568059586078,"Johann Adolph Hasse","low",1,2723,"Dal_labro","Adr",0,0.00662912930422282,0.000183269264243044,0.00752611525139234,0.00258245368479124
"PartHnII_IntervalP.8_Per",-6.62568059586078,"Johann Adolph Hasse","low",2,2725,"Dopo_un","Adr",0,0.00662912930422282,0.000183269264243044,0.00752611525139234,0.00258245368479124
"PartHnII_IntervalP.8_Per",-6.62568059586078,"Johann Adolph Hasse","low",3,2726,"E_vero","Adr",0,0.00662912930422282,0.000183269264243044,0.00752611525139234,0.00258245368479124
"PartHnII_IntervalP4_Per",-3.68332448374783,"Baldassare Galuppi","high",1,686,"Se_dalle","Did",0.135338345864662,0.0275892761067477,0.0143230643761417,0.0112599237896485,0.00991328231506677
"PartHnII_IntervalP4_Per",-3.68332448374783,"Baldassare Galuppi","high",2,665,"Veggio_la","Did",0.119047619047619,0.0275892761067477,0.0143230643761417,0.0112599237896485,0.00991328231506677
"PartHnII_IntervalP4_Per",-3.68332448374783,"Baldassare Galuppi","high",3,831,"Deh_resta","Did",0.111111111111111,0.0275892761067477,0.0143230643761417,0.0112599237896485,0.00991328231506677
"PartHnII_IntervalP4_Per",-3.68332448374783,"Davide Perez","low",1,2758,"Dal_labro","Adr",0,0.0275892761067477,0.0143230643761417,0.0112599237896485,0.00991328231506677
"PartHnII_IntervalP4_Per",-3.68332448374783,"Davide Perez","low",2,2760,"Prigioniera_abbandonata","Adr",0,0.0275892761067477,0.0143230643761417,0.0112599237896485,0.00991328231506677
"PartHnII_IntervalP4_Per",-3.68332448374783,"Davide Perez","low",3,2763,"Numi_se","Adr",0,0.0275892761067477,0.0143230643761417,0.0112599237896485,0.00991328231506677
"PartHnII_IntervalP4_Per",-3.68332448374783,"Niccolò Jommelli","low",1,1571,"Vedrai_con","Ale",0,0.0275892761067477,0.0143230643761417,0.0112599237896485,0.00991328231506677
"PartHnII_IntervalP4_Per",-3.68332448374783,"Niccolò Jommelli","low",2,1572,"Chi_vive","Ale",0,0.0275892761067477,0.0143230643761417,0.0112599237896485,0.00991328231506677
"PartHnII_IntervalP4_Per",-3.68332448374783,"Niccolò Jommelli","low",3,1497,"Se_mai","Ale",0,0.0275892761067477,0.0143230643761417,0.0112599237896485,0.00991328231506677
"PartHnII_IntervalP4_Per",-3.68332448374783,"Johann Adolph Hasse","low",1,2723,"Dal_labro","Adr",0,0.0275892761067477,0.0143230643761417,0.0112599237896485,0.00991328231506677
"PartHnII_IntervalP4_Per",-3.68332448374783,"Johann Adolph Hasse","low",2,2725,"Dopo_un","Adr",0,0.0275892761067477,0.0143230643761417,0.0112599237896485,0.00991328231506677
"PartHnII_IntervalP4_Per",-3.68332448374783,"Johann Adolph Hasse","low",3,2726,"E_vero","Adr",0,0.0275892761067477,0.0143230643761417,0.0112599237896485,0.00991328231506677
"PartHnII_IntervalP8_Per",-6.37928900982467,"Baldassare Galuppi","high",1,1280,"Destrier_che","Ale",0.0714285714285714,0.00911760210838103,0.00255292877076515,0.0122523377858234,0.00262699477199785
"PartHnII_IntervalP8_Per",-6.37928900982467,"Baldassare Galuppi","high",2,772,"Va_crescendo","Did",0.0666666666666666,0.00911760210838103,0.00255292877076515,0.0122523377858234,0.00262699477199785
"PartHnII_IntervalP8_Per",-6.37928900982467,"Baldassare Galuppi","high",3,831,"Deh_resta","Did",0.0555555555555555,0.00911760210838103,0.00255292877076515,0.0122523377858234,0.00262699477199785
"PartHnII_IntervalP8_Per",-6.37928900982467,"Davide Perez","low",1,2758,"Dal_labro","Adr",0,0.00911760210838103,0.00255292877076515,0.0122523377858234,0.00262699477199785
"PartHnII_IntervalP8_Per",-6.37928900982467,"Davide Perez","low",2,2760,"Prigioniera_abbandonata","Adr",0,0.00911760210838103,0.00255292877076515,0.0122523377858234,0.00262699477199785
"PartHnII_IntervalP8_Per",-6.37928900982467,"Davide Perez","low",3,2762,"Vuoi_punir","Adr",0,0.00911760210838103,0.00255292877076515,0.0122523377858234,0.00262699477199785
"PartHnII_IntervalP8_Per",-6.37928900982467,"Niccolò Jommelli","high",1,357,"Son_quel","Did",0.107913669064748,0.00911760210838103,0.00255292877076515,0.0122523377858234,0.00262699477199785
"PartHnII_IntervalP8_Per",-6.37928900982467,"Niccolò Jommelli","high",2,2160,"Su_le","Art",0.107843137254902,0.00911760210838103,0.00255292877076515,0.0122523377858234,0.00262699477199785
"PartHnII_IntervalP8_Per",-6.37928900982467,"Niccolò Jommelli","high",3,339,"Se_il","Did",0.0985915492957746,0.00911760210838103,0.00255292877076515,0.0122523377858234,0.00262699477199785
"PartHnII_IntervalP8_Per",-6.37928900982467,"Johann Adolph Hasse","low",1,2723,"Dal_labro","Adr",0,0.00911760210838103,0.00255292877076515,0.0122523377858234,0.00262699477199785
"PartHnII_IntervalP8_Per",-6.37928900982467,"Johann Adolph Hasse","low",2,2725,"Dopo_un","Adr",0,0.00911760210838103,0.00255292877076515,0.0122523377858234,0.00262699477199785
"PartHnII_IntervalP8_Per",-6.37928900982467,"Johann Adolph Hasse","low",3,2726,"E_vero","Adr",0,0.00911760210838103,0.00255292877076515,0.0122523377858234,0.00262699477199785
"PartHnII_Intervalm3_Per",4.80683241804494,"Baldassare Galuppi","low",1,668,"E_prezzo","Ale",0,0.00843770738396262,0.021999855903062,0.00632486689982692,0.00129950789615435
"PartHnII_Intervalm3_Per",4.80683241804494,"Baldassare Galuppi","low",2,669,"Vedrai_con","Ale",0,0.00843770738396262,0.021999855903062,0.00632486689982692,0.00129950789615435
"PartHnII_Intervalm3_Per",4.80683241804494,"Baldassare Galuppi","low",3,1266,"Vil_trofeo","Ale",0,0.00843770738396262,0.021999855903062,0.00632486689982692,0.00129950789615435
"PartHnII_Intervalm3_Per",4.80683241804494,"Davide Perez","high",1,255,"Fra_tutte","Did",0.160919540229885,0.00843770738396262,0.021999855903062,0.00632486689982692,0.00129950789615435
"PartHnII_Intervalm3_Per",4.80683241804494,"Davide Perez","high",2,1060,"Se_possono","Ale",0.16,0.00843770738396262,0.021999855903062,0.00632486689982692,0.00129950789615435
"PartHnII_Intervalm3_Per",4.80683241804494,"Davide Perez","high",3,715,"Se_troppo","Ale",0.13953488372093,0.00843770738396262,0.021999855903062,0.00632486689982692,0.00129950789615435
"PartHnII_Intervalm3_Per",4.80683241804494,"Niccolò Jommelli","low",1,1576,"Vil_trofeo","Ale",0,0.00843770738396262,0.021999855903062,0.00632486689982692,0.00129950789615435
"PartHnII_Intervalm3_Per",4.80683241804494,"Niccolò Jommelli","low",2,1572,"Chi_vive","Ale",0,0.00843770738396262,0.021999855903062,0.00632486689982692,0.00129950789615435
"PartHnII_Intervalm3_Per",4.80683241804494,"Niccolò Jommelli","low",3,1497,"Se_mai","Ale",0,0.00843770738396262,0.021999855903062,0.00632486689982692,0.00129950789615435
"PartHnII_Intervalm3_Per",4.80683241804494,"Johann Adolph Hasse","low",1,2723,"Dal_labro","Adr",0,0.00843770738396262,0.021999855903062,0.00632486689982692,0.00129950789615435
"PartHnII_Intervalm3_Per",4.80683241804494,"Johann Adolph Hasse","low",2,2725,"Dopo_un","Adr",0,0.00843770738396262,0.021999855903062,0.00632486689982692,0.00129950789615435
"PartHnII_Intervalm3_Per",4.80683241804494,"Johann Adolph Hasse","low",3,2726,"E_vero","Adr",0,0.00843770738396262,0.021999855903062,0.00632486689982692,0.00129950789615435
"PartObII_IntervalP4_Per",-4.20261625889482,"Baldassare Galuppi","high",1,1284,"Dove_si","Ale",0.104972375690608,0.0178171174729642,0.0124610045072761,0.0103341127368825,0.0244473209004199
"PartObII_IntervalP4_Per",-4.20261625889482,"Baldassare Galuppi","high",2,705,"Dove_si","Ale",0.0984126984126984,0.0178171174729642,0.0124610045072761,0.0103341127368825,0.0244473209004199
"PartObII_IntervalP4_Per",-4.20261625889482,"Baldassare Galuppi","high",3,2531,"Vado_ma","Did",0.0846774193548387,0.0178171174729642,0.0124610045072761,0.0103341127368825,0.0244473209004199
"PartObII_IntervalP4_Per",-4.20261625889482,"Davide Perez","low",1,2758,"Dal_labro","Adr",0,0.0178171174729642,0.0124610045072761,0.0103341127368825,0.0244473209004199
"PartObII_IntervalP4_Per",-4.20261625889482,"Davide Perez","low",2,2761,"Dopo_un","Adr",0,0.0178171174729642,0.0124610045072761,0.0103341127368825,0.0244473209004199
"PartObII_IntervalP4_Per",-4.20261625889482,"Davide Perez","low",3,2760,"Prigioniera_abbandonata","Adr",0,0.0178171174729642,0.0124610045072761,0.0103341127368825,0.0244473209004199
"PartObII_IntervalP4_Per",-4.20261625889482,"Niccolò Jommelli","low",1,1572,"Chi_vive","Ale",0,0.0178171174729642,0.0124610045072761,0.0103341127368825,0.0244473209004199
"PartObII_IntervalP4_Per",-4.20261625889482,"Niccolò Jommelli","low",2,1497,"Se_mai","Ale",0,0.0178171174729642,0.0124610045072761,0.0103341127368825,0.0244473209004199
"PartObII_IntervalP4_Per",-4.20261625889482,"Niccolò Jommelli","low",3,1608,"Se_mai","Ale",0,0.0178171174729642,0.0124610045072761,0.0103341127368825,0.0244473209004199
"PartObII_IntervalP4_Per",-4.20261625889482,"Johann Adolph Hasse","high",1,12,"Son_regina","Did",0.141129032258065,0.0178171174729642,0.0124610045072761,0.0103341127368825,0.0244473209004199
"PartObII_IntervalP4_Per",-4.20261625889482,"Johann Adolph Hasse","high",2,2004,"Non_ti","Art",0.138686131386861,0.0178171174729642,0.0124610045072761,0.0103341127368825,0.0244473209004199
"PartObII_IntervalP4_Per",-4.20261625889482,"Johann Adolph Hasse","high",3,869,"Odo_il","Dem",0.104651162790698,0.0178171174729642,0.0124610045072761,0.0103341127368825,0.0244473209004199
"PartVa_Degree2_Per_relative",-5.19528430323691,"Baldassare Galuppi","high",1,708,"Ombra_dell","Ale",0.209302325581395,0.0797574457195313,0.0575829819220004,0.0785462319338031,0.0985593732405041
"PartVa_Degree2_Per_relative",-5.19528430323691,"Baldassare Galuppi","high",2,109,"Se_resto","Did",0.172794117647059,0.0797574457195313,0.0575829819220004,0.0785462319338031,0.0985593732405041
"PartVa_Degree2_Per_relative",-5.19528430323691,"Baldassare Galuppi","high",3,2043,"Perche_tarda","Art",0.165413533834586,0.0797574457195313,0.0575829819220004,0.0785462319338031,0.0985593732405041
"PartVa_Degree2_Per_relative",-5.19528430323691,"Davide Perez","low",1,1350,"Se_mai","Ale",0,0.0797574457195313,0.0575829819220004,0.0785462319338031,0.0985593732405041
"PartVa_Degree2_Per_relative",-5.19528430323691,"Davide Perez","low",2,1989,"Non_e","Art",0.0076726342710997,0.0797574457195313,0.0575829819220004,0.0785462319338031,0.0985593732405041
"PartVa_Degree2_Per_relative",-5.19528430323691,"Davide Perez","low",3,1060,"Se_possono","Ale",0.0091185410334346,0.0797574457195313,0.0575829819220004,0.0785462319338031,0.0985593732405041
"PartVa_Degree2_Per_relative",-5.19528430323691,"Niccolò Jommelli","high",1,934,"Odo_il","Dem",0.255327245053272,0.0797574457195313,0.0575829819220004,0.0785462319338031,0.0985593732405041
"PartVa_Degree2_Per_relative",-5.19528430323691,"Niccolò Jommelli","high",2,210,"A_trionfar","Did",0.231750138606542,0.0797574457195313,0.0575829819220004,0.0785462319338031,0.0985593732405041
"PartVa_Degree2_Per_relative",-5.19528430323691,"Niccolò Jommelli","high",3,2413,"Non_e","Art",0.219461697722567,0.0797574457195313,0.0575829819220004,0.0785462319338031,0.0985593732405041
"PartVa_Degree2_Per_relative",-5.19528430323691,"Johann Adolph Hasse","high",1,725,"Se_mai","Ale",0.231707317073171,0.0797574457195313,0.0575829819220004,0.0785462319338031,0.0985593732405041
"PartVa_Degree2_Per_relative",-5.19528430323691,"Johann Adolph Hasse","high",2,741,"Pupillette_vezzosette","Ale",0.208020050125313,0.0797574457195313,0.0575829819220004,0.0785462319338031,0.0985593732405041
"PartVa_Degree2_Per_relative",-5.19528430323691,"Johann Adolph Hasse","high",3,726,"Se_mai","Ale",0.202247191011236,0.0797574457195313,0.0575829819220004,0.0785462319338031,0.0985593732405041
"PartVa_Degree5_Per_relative",5.12323299449591,"Baldassare Galuppi","low",1,769,"Fosca_nube","Did",0.072072072072072,0.249800046340441,0.289676161145763,0.231680641841803,0.272310412361254
"PartVa_Degree5_Per_relative",5.12323299449591,"Baldassare Galuppi","low",2,485,"Diro_che","Did",0.0968586387434555,0.249800046340441,0.289676161145763,0.231680641841803,0.272310412361254
"PartVa_Degree5_Per_relative",5.12323299449591,"Baldassare Galuppi","low",3,2362,"Non_e","Art",0.118085106382979,0.249800046340441,0.289676161145763,0.231680641841803,0.272310412361254
"PartVa_Degree5_Per_relative",5.12323299449591,"Davide Perez","high",1,1061,"Se_possono","Ale",0.466830466830467,0.249800046340441,0.289676161145763,0.231680641841803,0.272310412361254
"PartVa_Degree5_Per_relative",5.12323299449591,"Davide Perez","high",2,1935,"Su_le","Art",0.466819221967963,0.249800046340441,0.289676161145763,0.231680641841803,0.272310412361254
"PartVa_Degree5_Per_relative",5.12323299449591,"Davide Perez","high",3,2772,"E_falso","Adr",0.443890274314214,0.249800046340441,0.289676161145763,0.231680641841803,0.272310412361254
"PartVa_Degree5_Per_relative",5.12323299449591,"Niccolò Jommelli","low",1,1611,"Dove_si","Ale",0.0747967479674796,0.249800046340441,0.289676161145763,0.231680641841803,0.272310412361254
"PartVa_Degree5_Per_relative",5.12323299449591,"Niccolò Jommelli","low",2,934,"Odo_il","Dem",0.0844748858447488,0.249800046340441,0.289676161145763,0.231680641841803,0.272310412361254
"PartVa_Degree5_Per_relative",5.12323299449591,"Niccolò Jommelli","low",3,210,"A_trionfar","Did",0.0860284605433376,0.249800046340441,0.289676161145763,0.231680641841803,0.272310412361254
"PartVa_Degree5_Per_relative",5.12323299449591,"Johann Adolph Hasse","high",1,865,"La_destra","Dem",0.495626822157434,0.249800046340441,0.289676161145763,0.231680641841803,0.272310412361254
"PartVa_Degree5_Per_relative",5.12323299449591,"Johann Adolph Hasse","high",2,572,"No_non","Dem",0.448275862068966,0.249800046340441,0.289676161145763,0.231680641841803,0.272310412361254
"PartVa_Degree5_Per_relative",5.12323299449591,"Johann Adolph Hasse","high",3,13,"Non_ha","Did",0.441666666666667,0.249800046340441,0.289676161145763,0.231680641841803,0.272310412361254
"PartVa_DynMean",5.00269894167122,"Baldassare Galuppi","low",1,117,"Se_tutti","Dem",43.4705882352941,64.2292834045212,66.0243697899402,63.7250954616833,67.0213583204475
"PartVa_DynMean",5.00269894167122,"Baldassare Galuppi","low",2,1279,"Digli_che","Ale",46.7,64.2292834045212,66.0243697899402,63.7250954616833,67.0213583204475
"PartVa_DynMean",5.00269894167122,"Baldassare Galuppi","low",3,485,"Diro_che","Did",47.0699248120301,64.2292834045212,66.0243697899402,63.7250954616833,67.0213583204475
"PartVa_DynMean",5.00269894167122,"Davide Perez","high",1,2775,"Barbaro_non","Adr",72.9107142857143,64.2292834045212,66.0243697899402,63.7250954616833,67.0213583204475
"PartVa_DynMean",5.00269894167122,"Davide Perez","high",2,691,"Vil_trofeo","Ale",72.4117647058823,64.2292834045212,66.0243697899402,63.7250954616833,67.0213583204475
"PartVa_DynMean",5.00269894167122,"Davide Perez","high",3,1963,"Perche_tarda","Art",72.4,64.2292834045212,66.0243697899402,63.7250954616833,67.0213583204475
"PartVa_DynMean",5.00269894167122,"Niccolò Jommelli","low",1,2092,"Mi_scacci","Art",44.6518518518519,64.2292834045212,66.0243697899402,63.7250954616833,67.0213583204475
"PartVa_DynMean",5.00269894167122,"Niccolò Jommelli","low",2,2413,"Non_e","Art",45.7518043303929,64.2292834045212,66.0243697899402,63.7250954616833,67.0213583204475
"PartVa_DynMean",5.00269894167122,"Niccolò Jommelli","low",3,2420,"Cosi_stupisce","Art",47.4939534883721,64.2292834045212,66.0243697899402,63.7250954616833,67.0213583204475
"PartVa_DynMean",5.00269894167122,"Johann Adolph Hasse","high",1,2728,"Vuoi_punir","Adr",79.55,64.2292834045212,66.0243697899402,63.7250954616833,67.0213583204475
"PartVa_DynMean",5.00269894167122,"Johann Adolph Hasse","high",2,725,"Se_mai","Ale",75,64.2292834045212,66.0243697899402,63.7250954616833,67.0213583204475
"PartVa_DynMean",5.00269894167122,"Johann Adolph Hasse","high",3,2319,"Finche_rimango","Ale",75,64.2292834045212,66.0243697899402,63.7250954616833,67.0213583204475
"PartVnI.PartBs_Texture",-6.08792446394003,"Baldassare Galuppi","high",1,666,"A_trionfar","Did",422.144495412844,4.69879173711299,1.99002879302816,2.50536585121448,1.55005435668779
"PartVnI.PartBs_Texture",-6.08792446394003,"Baldassare Galuppi","high",2,774,"Vado_ma","Did",3.47916666666667,4.69879173711299,1.99002879302816,2.50536585121448,1.55005435668779
"PartVnI.PartBs_Texture",-6.08792446394003,"Baldassare Galuppi","high",3,1230,"Odo_il","Dem",3.11261261261261,4.69879173711299,1.99002879302816,2.50536585121448,1.55005435668779
"PartVnI.PartBs_Texture",-6.08792446394003,"Davide Perez","low",1,258,"Infelice_abbandonata","Did",0.929577464788732,4.69879173711299,1.99002879302816,2.50536585121448,1.55005435668779
"PartVnI.PartBs_Texture",-6.08792446394003,"Davide Perez","low",2,1381,"Serbati_a","Ale",0.944444444444444,4.69879173711299,1.99002879302816,2.50536585121448,1.55005435668779
"PartVnI.PartBs_Texture",-6.08792446394003,"Davide Perez","low",3,244,"Se_dalle","Did",0.963942307692308,4.69879173711299,1.99002879302816,2.50536585121448,1.55005435668779
"PartVnI.PartBs_Texture",-6.08792446394003,"Niccolò Jommelli","low",1,893,"Odo_il","Dem",0.666666666666667,4.69879173711299,1.99002879302816,2.50536585121448,1.55005435668779
"PartVnI.PartBs_Texture",-6.08792446394003,"Niccolò Jommelli","low",2,2382,"Bramar_di","Art",0.683522231909329,4.69879173711299,1.99002879302816,2.50536585121448,1.55005435668779
"PartVnI.PartBs_Texture",-6.08792446394003,"Niccolò Jommelli","low",3,51,"Son_regina","Did",0.710735586481113,4.69879173711299,1.99002879302816,2.50536585121448,1.55005435668779
"PartVnI.PartBs_Texture",-6.08792446394003,"Johann Adolph Hasse","low",1,2724,"Sprezza_il","Adr",0.568697729988053,4.69879173711299,1.99002879302816,2.50536585121448,1.55005435668779
"PartVnI.PartBs_Texture",-6.08792446394003,"Johann Adolph Hasse","low",2,734,"Se_trova","Ale",0.78544061302682,4.69879173711299,1.99002879302816,2.50536585121448,1.55005435668779
"PartVnI.PartBs_Texture",-6.08792446394003,"Johann Adolph Hasse","low",3,2300,"Sommi_dei","Ale",0.803030303030303,4.69879173711299,1.99002879302816,2.50536585121448,1.55005435668779
"PartVnII_Degree.4_Per_relative",-4.39005073757526,"Baldassare Galuppi","high",1,1238,"Non_dura","Dem",0.0397196261682243,0.00834880336959632,0.00493442791455779,0.0066381572907047,0.0102057025529379
"PartVnII_Degree.4_Per_relative",-4.39005073757526,"Baldassare Galuppi","high",2,1144,"Son_regina","Did",0.0329531051964512,0.00834880336959632,0.00493442791455779,0.0066381572907047,0.0102057025529379
"PartVnII_Degree.4_Per_relative",-4.39005073757526,"Baldassare Galuppi","high",3,515,"Fosca_nube","Did",0.0289017341040462,0.00834880336959632,0.00493442791455779,0.0066381572907047,0.0102057025529379
"PartVnII_Degree.4_Per_relative",-4.39005073757526,"Davide Perez","low",1,2758,"Dal_labro","Adr",0,0.00834880336959632,0.00493442791455779,0.0066381572907047,0.0102057025529379
"PartVnII_Degree.4_Per_relative",-4.39005073757526,"Davide Perez","low",2,2762,"Vuoi_punir","Adr",0,0.00834880336959632,0.00493442791455779,0.0066381572907047,0.0102057025529379
"PartVnII_Degree.4_Per_relative",-4.39005073757526,"Davide Perez","low",3,2764,"Se_non","Adr",0,0.00834880336959632,0.00493442791455779,0.0066381572907047,0.0102057025529379
"PartVnII_Degree.4_Per_relative",-4.39005073757526,"Niccolò Jommelli","low",1,1497,"Se_mai","Ale",0,0.00834880336959632,0.00493442791455779,0.0066381572907047,0.0102057025529379
"PartVnII_Degree.4_Per_relative",-4.39005073757526,"Niccolò Jommelli","low",2,2058,"Bramar_di","Art",0,0.00834880336959632,0.00493442791455779,0.0066381572907047,0.0102057025529379
"PartVnII_Degree.4_Per_relative",-4.39005073757526,"Niccolò Jommelli","low",3,2028,"Non_ti","Art",0,0.00834880336959632,0.00493442791455779,0.0066381572907047,0.0102057025529379
"PartVnII_Degree.4_Per_relative",-4.39005073757526,"Johann Adolph Hasse","high",1,2069,"Va_tra","Art",0.136446886446886,0.00834880336959632,0.00493442791455779,0.0066381572907047,0.0102057025529379
"PartVnII_Degree.4_Per_relative",-4.39005073757526,"Johann Adolph Hasse","high",2,2320,"Dove_si","Ale",0.0462633451957295,0.00834880336959632,0.00493442791455779,0.0066381572907047,0.0102057025529379
"PartVnII_Degree.4_Per_relative",-4.39005073757526,"Johann Adolph Hasse","high",3,570,"Prudente_mi","Dem",0.0446428571428571,0.00834880336959632,0.00493442791455779,0.0066381572907047,0.0102057025529379
"PartVnII_Degree.6_Per_relative",-4.74645671898222,"Baldassare Galuppi","high",1,2018,"Sogna_il","Art",0.0248962655601659,0.00151285826885407,0.000249660338347019,0.00111026036973951,0.00246308694925439
"PartVnII_Degree.6_Per_relative",-4.74645671898222,"Baldassare Galuppi","high",2,516,"La_caduta","Did",0.02,0.00151285826885407,0.000249660338347019,0.00111026036973951,0.00246308694925439
"PartVnII_Degree.6_Per_relative",-4.74645671898222,"Baldassare Galuppi","high",3,686,"Se_dalle","Did",0.0166666666666666,0.00151285826885407,0.000249660338347019,0.00111026036973951,0.00246308694925439
"PartVnII_Degree.6_Per_relative",-4.74645671898222,"Davide Perez","low",1,2758,"Dal_labro","Adr",0,0.00151285826885407,0.000249660338347019,0.00111026036973951,0.00246308694925439
"PartVnII_Degree.6_Per_relative",-4.74645671898222,"Davide Perez","low",2,2759,"Sprezza_il","Adr",0,0.00151285826885407,0.000249660338347019,0.00111026036973951,0.00246308694925439
"PartVnII_Degree.6_Per_relative",-4.74645671898222,"Davide Perez","low",3,2761,"Dopo_un","Adr",0,0.00151285826885407,0.000249660338347019,0.00111026036973951,0.00246308694925439
"PartVnII_Degree.6_Per_relative",-4.74645671898222,"Niccolò Jommelli","high",1,358,"Datre_nubi","Did",0.0162932790224032,0.00151285826885407,0.000249660338347019,0.00111026036973951,0.00246308694925439
"PartVnII_Degree.6_Per_relative",-4.74645671898222,"Niccolò Jommelli","high",2,501,"Se_ardire","Dem",0.0150537634408602,0.00151285826885407,0.000249660338347019,0.00111026036973951,0.00246308694925439
"PartVnII_Degree.6_Per_relative",-4.74645671898222,"Niccolò Jommelli","high",3,119,"Se_tutti","Dem",0.0106382978723404,0.00151285826885407,0.000249660338347019,0.00111026036973951,0.00246308694925439
"PartVnII_Degree.6_Per_relative",-4.74645671898222,"Johann Adolph Hasse","high",1,888,"Giacche_vivendo","Dem",0.0448807854137447,0.00151285826885407,0.000249660338347019,0.00111026036973951,0.00246308694925439
"PartVnII_Degree.6_Per_relative",-4.74645671898222,"Johann Adolph Hasse","high",2,728,"Vuoi_saper","Ale",0.0310077519379844,0.00151285826885407,0.000249660338347019,0.00111026036973951,0.00246308694925439
"PartVnII_Degree.6_Per_relative",-4.74645671898222,"Johann Adolph Hasse","high",3,570,"Prudente_mi","Dem",0.0282738095238095,0.00151285826885407,0.000249660338347019,0.00111026036973951,0.00246308694925439
"PartVnII_Degree3_Per_relative",5.56828248426686,"Baldassare Galuppi","low",1,130,"Cadra_fra","Did",0.100603621730382,0.158287338370094,0.180058143722047,0.155340849374795,0.143496419711312
"PartVnII_Degree3_Per_relative",5.56828248426686,"Baldassare Galuppi","low",2,506,"Ah_non_lasciarmi","Did",0.101040118870728,0.158287338370094,0.180058143722047,0.155340849374795,0.143496419711312
"PartVnII_Degree3_Per_relative",5.56828248426686,"Baldassare Galuppi","low",3,109,"Se_resto","Did",0.102728731942215,0.158287338370094,0.180058143722047,0.155340849374795,0.143496419711312
"PartVnII_Degree3_Per_relative",5.56828248426686,"Davide Perez","high",1,1057,"O_sugli","Ale",0.279870828848224,0.158287338370094,0.180058143722047,0.155340849374795,0.143496419711312
"PartVnII_Degree3_Per_relative",5.56828248426686,"Davide Perez","high",2,1994,"Tu_vuoi","Art",0.275213675213675,0.158287338370094,0.180058143722047,0.155340849374795,0.143496419711312
"PartVnII_Degree3_Per_relative",5.56828248426686,"Davide Perez","high",3,694,"Se_mai","Ale",0.270935960591133,0.158287338370094,0.180058143722047,0.155340849374795,0.143496419711312
"PartVnII_Degree3_Per_relative",5.56828248426686,"Niccolò Jommelli","low",1,927,"Prudente_mi","Dem",0.0616113744075829,0.158287338370094,0.180058143722047,0.155340849374795,0.143496419711312
"PartVnII_Degree3_Per_relative",5.56828248426686,"Niccolò Jommelli","low",2,2400,"Va_tra","Art",0.0725338491295938,0.158287338370094,0.180058143722047,0.155340849374795,0.143496419711312
"PartVnII_Degree3_Per_relative",5.56828248426686,"Niccolò Jommelli","low",3,500,"Padre_perdona","Dem",0.0845921450151057,0.158287338370094,0.180058143722047,0.155340849374795,0.143496419711312
"PartVnII_Degree3_Per_relative",5.56828248426686,"Johann Adolph Hasse","low",1,738,"Spera_si","Ale",0.0508849557522123,0.158287338370094,0.180058143722047,0.155340849374795,0.143496419711312
"PartVnII_Degree3_Per_relative",5.56828248426686,"Johann Adolph Hasse","low",2,2733,"Volga_il","Adr",0.0765124555160142,0.158287338370094,0.180058143722047,0.155340849374795,0.143496419711312
"PartVnII_Degree3_Per_relative",5.56828248426686,"Johann Adolph Hasse","low",3,889,"Non_vi","Dem",0.0810276679841897,0.158287338370094,0.180058143722047,0.155340849374795,0.143496419711312
"PartVnII_DynGrad",5.33906405719933,"Baldassare Galuppi","low",1,2043,"Perche_tarda","Art",1.01727642276423,18.467993849767,23.5378223234551,19.870574486753,10.6868089323271
"PartVnII_DynGrad",5.33906405719933,"Baldassare Galuppi","low",2,679,"Frangi_la","Ale",2.55154908298701,18.467993849767,23.5378223234551,19.870574486753,10.6868089323271
"PartVnII_DynGrad",5.33906405719933,"Baldassare Galuppi","low",3,1238,"Non_dura","Dem",4.0415968626787,18.467993849767,23.5378223234551,19.870574486753,10.6868089323271
"PartVnII_DynGrad",5.33906405719933,"Davide Perez","high",1,1369,"Se_mai","Ale",74.0693356316117,18.467993849767,23.5378223234551,19.870574486753,10.6868089323271
"PartVnII_DynGrad",5.33906405719933,"Davide Perez","high",2,1368,"Se_mai","Ale",71.8521452963996,18.467993849767,23.5378223234551,19.870574486753,10.6868089323271
"PartVnII_DynGrad",5.33906405719933,"Davide Perez","high",3,1981,"Mi_credi","Art",66.2611778457473,18.467993849767,23.5378223234551,19.870574486753,10.6868089323271
"PartVnII_DynGrad",5.33906405719933,"Niccolò Jommelli","low",1,200,"Tu_mi_scorgi","Did",3.27628026658184,18.467993849767,23.5378223234551,19.870574486753,10.6868089323271
"PartVnII_DynGrad",5.33906405719933,"Niccolò Jommelli","low",2,227,"Gia_si","Did",3.72000915750916,18.467993849767,23.5378223234551,19.870574486753,10.6868089323271
"PartVnII_DynGrad",5.33906405719933,"Niccolò Jommelli","low",3,538,"Felice_eta","Dem",5.00465668373053,18.467993849767,23.5378223234551,19.870574486753,10.6868089323271
"PartVnII_DynGrad",5.33906405719933,"Johann Adolph Hasse","low",1,2304,"E_ver","Ale",2.18558362628489,18.467993849767,23.5378223234551,19.870574486753,10.6868089323271
"PartVnII_DynGrad",5.33906405719933,"Johann Adolph Hasse","low",2,579,"Che_mai","Dem",2.3996319529569,18.467993849767,23.5378223234551,19.870574486753,10.6868089323271
"PartVnII_DynGrad",5.33906405719933,"Johann Adolph Hasse","low",3,737,"Se_e","Ale",2.48789554126284,18.467993849767,23.5378223234551,19.870574486753,10.6868089323271
"PartVnII_Intervalm.6_Per",8.30126924231502,"Baldassare Galuppi","low",1,1268,"Se_la","Ale",0,0.00565603591976062,0.0115444132344338,0.00817932858942984,0.00750242676961002
"PartVnII_Intervalm.6_Per",8.30126924231502,"Baldassare Galuppi","low",2,683,"Destrier_che","Ale",0,0.00565603591976062,0.0115444132344338,0.00817932858942984,0.00750242676961002
"PartVnII_Intervalm.6_Per",8.30126924231502,"Baldassare Galuppi","low",3,700,"Se_e","Ale",0,0.00565603591976062,0.0115444132344338,0.00817932858942984,0.00750242676961002
"PartVnII_Intervalm.6_Per",8.30126924231502,"Davide Perez","high",1,1369,"Se_mai","Ale",0.053179190751445,0.00565603591976062,0.0115444132344338,0.00817932858942984,0.00750242676961002
"PartVnII_Intervalm.6_Per",8.30126924231502,"Davide Perez","high",2,263,"Quel_nocchier","Did",0.0530071355759429,0.00565603591976062,0.0115444132344338,0.00817932858942984,0.00750242676961002
"PartVnII_Intervalm.6_Per",8.30126924231502,"Davide Perez","high",3,1965,"Cosi_stupisce","Art",0.0401737242128121,0.00565603591976062,0.0115444132344338,0.00817932858942984,0.00750242676961002
"PartVnII_Intervalm.6_Per",8.30126924231502,"Niccolò Jommelli","low",1,1609,"Se_e","Ale",0,0.00565603591976062,0.0115444132344338,0.00817932858942984,0.00750242676961002
"PartVnII_Intervalm.6_Per",8.30126924231502,"Niccolò Jommelli","low",2,1610,"Se_il","Ale",0,0.00565603591976062,0.0115444132344338,0.00817932858942984,0.00750242676961002
"PartVnII_Intervalm.6_Per",8.30126924231502,"Niccolò Jommelli","low",3,2169,"Per_quell","Art",0,0.00565603591976062,0.0115444132344338,0.00817932858942984,0.00750242676961002
"PartVnII_Intervalm.6_Per",8.30126924231502,"Johann Adolph Hasse","low",1,2726,"E_vero","Adr",0,0.00565603591976062,0.0115444132344338,0.00817932858942984,0.00750242676961002
"PartVnII_Intervalm.6_Per",8.30126924231502,"Johann Adolph Hasse","low",2,2727,"Prigioniera_abbandonata","Adr",0,0.00565603591976062,0.0115444132344338,0.00817932858942984,0.00750242676961002
"PartVnII_Intervalm.6_Per",8.30126924231502,"Johann Adolph Hasse","low",3,2736,"Leon_piagato","Adr",0,0.00565603591976062,0.0115444132344338,0.00817932858942984,0.00750242676961002
"PartVnI_Acc_avg_abs_step_4.0",4.94471475332279,"Baldassare Galuppi","low",1,704,"Finche_rimango","Ale",0.191666666666667,0.475371015984308,0.52563067452793,0.523739892429292,0.53395142166987
"PartVnI_Acc_avg_abs_step_4.0",4.94471475332279,"Baldassare Galuppi","low",2,1228,"Non_odi","Dem",0.203125,0.475371015984308,0.52563067452793,0.523739892429292,0.53395142166987
"PartVnI_Acc_avg_abs_step_4.0",4.94471475332279,"Baldassare Galuppi","low",3,774,"Vado_ma","Did",0.205357142857143,0.475371015984308,0.52563067452793,0.523739892429292,0.53395142166987
"PartVnI_Acc_avg_abs_step_4.0",4.94471475332279,"Davide Perez","high",1,1058,"Se_mai","Ale",1.5,0.475371015984308,0.52563067452793,0.523739892429292,0.53395142166987
"PartVnI_Acc_avg_abs_step_4.0",4.94471475332279,"Davide Perez","high",2,1375,"E_ver","Ale",1.32291666666667,0.475371015984308,0.52563067452793,0.523739892429292,0.53395142166987
"PartVnI_Acc_avg_abs_step_4.0",4.94471475332279,"Davide Perez","high",3,17,"Non_ha","Did",0.894230769230769,0.475371015984308,0.52563067452793,0.523739892429292,0.53395142166987
"PartVnI_Acc_avg_abs_step_4.0",4.94471475332279,"Niccolò Jommelli","high",1,891,"Non_odi","Dem",1.41666666666667,0.475371015984308,0.52563067452793,0.523739892429292,0.53395142166987
"PartVnI_Acc_avg_abs_step_4.0",4.94471475332279,"Niccolò Jommelli","high",2,2115,"Mi_credi","Art",1.3125,0.475371015984308,0.52563067452793,0.523739892429292,0.53395142166987
"PartVnI_Acc_avg_abs_step_4.0",4.94471475332279,"Niccolò Jommelli","high",3,896,"Se_tutti","Dem",1.26041666666667,0.475371015984308,0.52563067452793,0.523739892429292,0.53395142166987
"PartVnI_Acc_avg_abs_step_4.0",4.94471475332279,"Johann Adolph Hasse","high",1,2165,"Non_e","Art",1.10576923076923,0.475371015984308,0.52563067452793,0.523739892429292,0.53395142166987
"PartVnI_Acc_avg_abs_step_4.0",4.94471475332279,"Johann Adolph Hasse","high",2,193,"Tacero_se","Did",1.01666666666667,0.475371015984308,0.52563067452793,0.523739892429292,0.53395142166987
"PartVnI_Acc_avg_abs_step_4.0",4.94471475332279,"Johann Adolph Hasse","high",3,96,"Misero_pargoletto","Dem",1.015625,0.475371015984308,0.52563067452793,0.523739892429292,0.53395142166987
"PartVnI_Degree.4_Per_relative",-4.76076612407984,"Baldassare Galuppi","high",1,668,"E_prezzo","Ale",0.0449050086355785,0.0092800583295231,0.00525716450756561,0.00801622022431091,0.0112933950841105
"PartVnI_Degree.4_Per_relative",-4.76076612407984,"Baldassare Galuppi","high",2,1238,"Non_dura","Dem",0.0392609699769053,0.0092800583295231,0.00525716450756561,0.00801622022431091,0.0112933950841105
"PartVnI_Degree.4_Per_relative",-4.76076612407984,"Baldassare Galuppi","high",3,1144,"Son_regina","Did",0.0379266750948166,0.0092800583295231,0.00525716450756561,0.00801622022431091,0.0112933950841105
"PartVnI_Degree.4_Per_relative",-4.76076612407984,"Davide Perez","low",1,2762,"Vuoi_punir","Adr",0,0.0092800583295231,0.00525716450756561,0.00801622022431091,0.0112933950841105
"PartVnI_Degree.4_Per_relative",-4.76076612407984,"Davide Perez","low",2,2765,"Infelice_invan","Adr",0,0.0092800583295231,0.00525716450756561,0.00801622022431091,0.0112933950841105
"PartVnI_Degree.4_Per_relative",-4.76076612407984,"Davide Perez","low",3,2767,"La_ragion","Adr",0,0.0092800583295231,0.00525716450756561,0.00801622022431091,0.0112933950841105
"PartVnI_Degree.4_Per_relative",-4.76076612407984,"Niccolò Jommelli","high",1,1610,"Se_il","Ale",0.0416666666666666,0.0092800583295231,0.00525716450756561,0.00801622022431091,0.0112933950841105
"PartVnI_Degree.4_Per_relative",-4.76076612407984,"Niccolò Jommelli","high",2,152,"Ogni_amator","Did",0.0382409177820267,0.0092800583295231,0.00525716450756561,0.00801622022431091,0.0112933950841105
"PartVnI_Degree.4_Per_relative",-4.76076612407984,"Niccolò Jommelli","high",3,16,"Son_regina","Did",0.0370860927152317,0.0092800583295231,0.00525716450756561,0.00801622022431091,0.0112933950841105
"PartVnI_Degree.4_Per_relative",-4.76076612407984,"Johann Adolph Hasse","high",1,2069,"Va_tra","Art",0.111111111111111,0.0092800583295231,0.00525716450756561,0.00801622022431091,0.0112933950841105
"PartVnI_Degree.4_Per_relative",-4.76076612407984,"Johann Adolph Hasse","high",2,2736,"Leon_piagato","Adr",0.0765765765765765,0.0092800583295231,0.00525716450756561,0.00801622022431091,0.0112933950841105
"PartVnI_Degree.4_Per_relative",-4.76076612407984,"Johann Adolph Hasse","high",3,2240,"Pensa_che","Art",0.0478723404255319,0.0092800583295231,0.00525716450756561,0.00801622022431091,0.0112933950841105
"PartVnI_Degree1_Per_relative",6.29335811659342,"Baldassare Galuppi","low",1,1161,"Chiamami_pur","Did",0.118374558303887,0.178254135053832,0.201027546548374,0.184787903138219,0.202713457589287
"PartVnI_Degree1_Per_relative",6.29335811659342,"Baldassare Galuppi","low",2,130,"Cadra_fra","Did",0.124493927125506,0.178254135053832,0.201027546548374,0.184787903138219,0.202713457589287
"PartVnI_Degree1_Per_relative",6.29335811659342,"Baldassare Galuppi","low",3,1262,"E_prezzo","Ale",0.132584269662921,0.178254135053832,0.201027546548374,0.184787903138219,0.202713457589287
"PartVnI_Degree1_Per_relative",6.29335811659342,"Davide Perez","high",1,1944,"Se_del","Art",0.309328968903437,0.178254135053832,0.201027546548374,0.184787903138219,0.202713457589287
"PartVnI_Degree1_Per_relative",6.29335811659342,"Davide Perez","high",2,1064,"Se_amore","Ale",0.304477611940298,0.178254135053832,0.201027546548374,0.184787903138219,0.202713457589287
"PartVnI_Degree1_Per_relative",6.29335811659342,"Davide Perez","high",3,1350,"Se_mai","Ale",0.300970873786408,0.178254135053832,0.201027546548374,0.184787903138219,0.202713457589287
"PartVnI_Degree1_Per_relative",6.29335811659342,"Niccolò Jommelli","low",1,2413,"Non_e","Art",0.0867052023121387,0.178254135053832,0.201027546548374,0.184787903138219,0.202713457589287
"PartVnI_Degree1_Per_relative",6.29335811659342,"Niccolò Jommelli","low",2,951,"La_destra","Dem",0.0911300121506683,0.178254135053832,0.201027546548374,0.184787903138219,0.202713457589287
"PartVnI_Degree1_Per_relative",6.29335811659342,"Niccolò Jommelli","low",3,2400,"Va_tra","Art",0.0931744312026002,0.178254135053832,0.201027546548374,0.184787903138219,0.202713457589287
"PartVnI_Degree1_Per_relative",6.29335811659342,"Johann Adolph Hasse","high",1,743,"Non_e","Ale",0.367088607594937,0.178254135053832,0.201027546548374,0.184787903138219,0.202713457589287
"PartVnI_Degree1_Per_relative",6.29335811659342,"Johann Adolph Hasse","high",2,2161,"Londa_dal","Art",0.355555555555556,0.178254135053832,0.201027546548374,0.184787903138219,0.202713457589287
"PartVnI_Degree1_Per_relative",6.29335811659342,"Johann Adolph Hasse","high",3,733,"Generoso_resvegliarti","Ale",0.346511627906977,0.178254135053832,0.201027546548374,0.184787903138219,0.202713457589287
"PartVnI_Degree3_Per_relative",5.78831627440348,"Baldassare Galuppi","low",1,2035,"Cosi_stupisce","Art",0.117747440273038,0.170170856027287,0.192808211026144,0.165677403551529,0.160445667435322
"PartVnI_Degree3_Per_relative",5.78831627440348,"Baldassare Galuppi","low",2,798,"Ah_non_lasciarmi","Did",0.117899249732047,0.170170856027287,0.192808211026144,0.165677403551529,0.160445667435322
"PartVnI_Degree3_Per_relative",5.78831627440348,"Baldassare Galuppi","low",3,1285,"Son_confusa","Ale",0.118421052631579,0.170170856027287,0.192808211026144,0.165677403551529,0.160445667435322
"PartVnI_Degree3_Per_relative",5.78831627440348,"Davide Perez","high",1,1381,"Serbati_a","Ale",0.31237322515213,0.170170856027287,0.192808211026144,0.165677403551529,0.160445667435322
"PartVnI_Degree3_Per_relative",5.78831627440348,"Davide Perez","high",2,1375,"E_ver","Ale",0.272040302267002,0.170170856027287,0.192808211026144,0.165677403551529,0.160445667435322
"PartVnI_Degree3_Per_relative",5.78831627440348,"Davide Perez","high",3,719,"Serbati_a","Ale",0.267634854771784,0.170170856027287,0.192808211026144,0.165677403551529,0.160445667435322
"PartVnI_Degree3_Per_relative",5.78831627440348,"Niccolò Jommelli","low",1,892,"Nel_tuo","Dem",0.0924855491329479,0.170170856027287,0.192808211026144,0.165677403551529,0.160445667435322
"PartVnI_Degree3_Per_relative",5.78831627440348,"Niccolò Jommelli","low",2,501,"Se_ardire","Dem",0.101694915254237,0.170170856027287,0.192808211026144,0.165677403551529,0.160445667435322
"PartVnI_Degree3_Per_relative",5.78831627440348,"Niccolò Jommelli","low",3,476,"Non_curo","Dem",0.110183639398998,0.170170856027287,0.192808211026144,0.165677403551529,0.160445667435322
"PartVnI_Degree3_Per_relative",5.78831627440348,"Johann Adolph Hasse","low",1,2069,"Va_tra","Art",0.0880503144654088,0.170170856027287,0.192808211026144,0.165677403551529,0.160445667435322
"PartVnI_Degree3_Per_relative",5.78831627440348,"Johann Adolph Hasse","low",2,195,"Chiamami_pur","Did",0.102678571428571,0.170170856027287,0.192808211026144,0.165677403551529,0.160445667435322
"PartVnI_Degree3_Per_relative",5.78831627440348,"Johann Adolph Hasse","low",3,863,"Felice_eta","Dem",0.104536489151874,0.170170856027287,0.192808211026144,0.165677403551529,0.160445667435322
"PartVnI_Degree7_Per_relative",-5.3717731432484,"Baldassare Galuppi","high",1,809,"Son_regina","Did",0.117310443490701,0.06761313078881,0.0569777966374849,0.0699072502496886,0.0676672876894702
"PartVnI_Degree7_Per_relative",-5.3717731432484,"Baldassare Galuppi","high",2,767,"Quando_saprai","Did",0.11088504577823,0.06761313078881,0.0569777966374849,0.0699072502496886,0.0676672876894702
"PartVnI_Degree7_Per_relative",-5.3717731432484,"Baldassare Galuppi","high",3,1261,"Sperai_vicino","Dem",0.109865470852018,0.06761313078881,0.0569777966374849,0.0699072502496886,0.0676672876894702
"PartVnI_Degree7_Per_relative",-5.3717731432484,"Davide Perez","low",1,235,"Tu_mi_scorgi","Did",0.0180623973727422,0.06761313078881,0.0569777966374849,0.0699072502496886,0.0676672876894702
"PartVnI_Degree7_Per_relative",-5.3717731432484,"Davide Perez","low",2,1943,"Non_ti","Art",0.0192307692307692,0.06761313078881,0.0569777966374849,0.0699072502496886,0.0676672876894702
"PartVnI_Degree7_Per_relative",-5.3717731432484,"Davide Perez","low",3,93,"Misero_pargoletto","Dem",0.0194319880418535,0.06761313078881,0.0569777966374849,0.0699072502496886,0.0676672876894702
"PartVnI_Degree7_Per_relative",-5.3717731432484,"Niccolò Jommelli","high",1,463,"O_piu","Dem",0.127868852459016,0.06761313078881,0.0569777966374849,0.0699072502496886,0.0676672876894702
"PartVnI_Degree7_Per_relative",-5.3717731432484,"Niccolò Jommelli","high",2,1185,"Odo_il","Dem",0.123271889400922,0.06761313078881,0.0569777966374849,0.0699072502496886,0.0676672876894702
"PartVnI_Degree7_Per_relative",-5.3717731432484,"Niccolò Jommelli","high",3,502,"Temo_in","Dem",0.122503328894807,0.06761313078881,0.0569777966374849,0.0699072502496886,0.0676672876894702
"PartVnI_Degree7_Per_relative",-5.3717731432484,"Johann Adolph Hasse","high",1,188,"Fra_lo","Did",0.12180746561886,0.06761313078881,0.0569777966374849,0.0699072502496886,0.0676672876894702
"PartVnI_Degree7_Per_relative",-5.3717731432484,"Johann Adolph Hasse","high",2,2130,"Torna_innocente","Art",0.117962466487936,0.06761313078881,0.0569777966374849,0.0699072502496886,0.0676672876894702
"PartVnI_Degree7_Per_relative",-5.3717731432484,"Johann Adolph Hasse","high",3,577,"Nel_tuo","Dem",0.115606936416185,0.06761313078881,0.0569777966374849,0.0699072502496886,0.0676672876894702
"PartVnI_IntervalM3_Per",5.23203319699677,"Baldassare Galuppi","low",1,493,"Ardi_per","Did",0.0014245014245014,0.0220761289342089,0.0310367816378216,0.0231258812940423,0.0207256426314002
"PartVnI_IntervalM3_Per",5.23203319699677,"Baldassare Galuppi","low",2,2529,"Tormento_il","Did",0.0053475935828877,0.0220761289342089,0.0310367816378216,0.0231258812940423,0.0207256426314002
"PartVnI_IntervalM3_Per",5.23203319699677,"Baldassare Galuppi","low",3,1207,"In_te","Dem",0.0075431034482758,0.0220761289342089,0.0310367816378216,0.0231258812940423,0.0207256426314002
"PartVnI_IntervalM3_Per",5.23203319699677,"Davide Perez","high",1,1065,"E_maggiore","Ale",0.0741687979539642,0.0220761289342089,0.0310367816378216,0.0231258812940423,0.0207256426314002
"PartVnI_IntervalM3_Per",5.23203319699677,"Davide Perez","high",2,1936,"Sogna_il","Art",0.0727673649393605,0.0220761289342089,0.0310367816378216,0.0231258812940423,0.0207256426314002
"PartVnI_IntervalM3_Per",5.23203319699677,"Davide Perez","high",3,1376,"Se_e","Ale",0.0717488789237668,0.0220761289342089,0.0310367816378216,0.0231258812940423,0.0207256426314002
"PartVnI_IntervalM3_Per",5.23203319699677,"Niccolò Jommelli","low",1,330,"Chiamami_pur","Did",0.001254705144291,0.0220761289342089,0.0310367816378216,0.0231258812940423,0.0207256426314002
"PartVnI_IntervalM3_Per",5.23203319699677,"Niccolò Jommelli","low",2,2404,"Sogna_il","Art",0.0031847133757961,0.0220761289342089,0.0310367816378216,0.0231258812940423,0.0207256426314002
"PartVnI_IntervalM3_Per",5.23203319699677,"Niccolò Jommelli","low",3,357,"Son_quel","Did",0.0036742192284139,0.0220761289342089,0.0310367816378216,0.0231258812940423,0.0207256426314002
"PartVnI_IntervalM3_Per",5.23203319699677,"Johann Adolph Hasse","low",1,722,"Vil_trofeo","Ale",0,0.0220761289342089,0.0310367816378216,0.0231258812940423,0.0207256426314002
"PartVnI_IntervalM3_Per",5.23203319699677,"Johann Adolph Hasse","low",2,578,"Odo_il","Dem",0.0011098779134295,0.0220761289342089,0.0310367816378216,0.0231258812940423,0.0207256426314002
"PartVnI_IntervalM3_Per",5.23203319699677,"Johann Adolph Hasse","low",3,195,"Chiamami_pur","Did",0.0014903129657228,0.0220761289342089,0.0310367816378216,0.0231258812940423,0.0207256426314002
"PartVnI_IntervalsMajorAll_Per",-7.35151567347009,"Baldassare Galuppi","high",1,774,"Vado_ma","Did",0.515742128935532,0.371053518174267,0.323764952584405,0.374721933624465,0.360323368760608
"PartVnI_IntervalsMajorAll_Per",-7.35151567347009,"Baldassare Galuppi","high",2,1147,"Tu_mi_scorgi","Did",0.490996398559424,0.371053518174267,0.323764952584405,0.374721933624465,0.360323368760608
"PartVnI_IntervalsMajorAll_Per",-7.35151567347009,"Baldassare Galuppi","high",3,671,"Chi_vive","Ale",0.468030690537084,0.371053518174267,0.323764952584405,0.374721933624465,0.360323368760608
"PartVnI_IntervalsMajorAll_Per",-7.35151567347009,"Davide Perez","low",1,717,"Dove_si","Ale",0.134986225895317,0.371053518174267,0.323764952584405,0.374721933624465,0.360323368760608
"PartVnI_IntervalsMajorAll_Per",-7.35151567347009,"Davide Perez","low",2,1933,"Dimmi_che","Art",0.136120042872454,0.371053518174267,0.323764952584405,0.374721933624465,0.360323368760608
"PartVnI_IntervalsMajorAll_Per",-7.35151567347009,"Davide Perez","low",3,1943,"Non_ti","Art",0.147625160462131,0.371053518174267,0.323764952584405,0.374721933624465,0.360323368760608
"PartVnI_IntervalsMajorAll_Per",-7.35151567347009,"Niccolò Jommelli","high",1,200,"Tu_mi_scorgi","Did",0.519250780437045,0.371053518174267,0.323764952584405,0.374721933624465,0.360323368760608
"PartVnI_IntervalsMajorAll_Per",-7.35151567347009,"Niccolò Jommelli","high",2,2036,"Torna_innocente","Art",0.507625272331155,0.371053518174267,0.323764952584405,0.374721933624465,0.360323368760608
"PartVnI_IntervalsMajorAll_Per",-7.35151567347009,"Niccolò Jommelli","high",3,222,"Vivi_superbo","Did",0.498886414253898,0.371053518174267,0.323764952584405,0.374721933624465,0.360323368760608
"PartVnI_IntervalsMajorAll_Per",-7.35151567347009,"Johann Adolph Hasse","high",1,192,"Vedi_nel","Did",0.548387096774194,0.371053518174267,0.323764952584405,0.374721933624465,0.360323368760608
"PartVnI_IntervalsMajorAll_Per",-7.35151567347009,"Johann Adolph Hasse","high",2,2093,"Spiega_i","Art",0.54646017699115,0.371053518174267,0.323764952584405,0.374721933624465,0.360323368760608
"PartVnI_IntervalsMajorAll_Per",-7.35151567347009,"Johann Adolph Hasse","high",3,2165,"Non_e","Art",0.530612244897959,0.371053518174267,0.323764952584405,0.374721933624465,0.360323368760608
"PartVnI_IntervalsMajorAsc_Per",-4.58651535267868,"Baldassare Galuppi","high",1,1214,"E_soccorso","Dem",0.231536926147705,0.147826740617132,0.126205212869695,0.156664544785425,0.135859821578418
"PartVnI_IntervalsMajorAsc_Per",-4.58651535267868,"Baldassare Galuppi","high",2,2035,"Cosi_stupisce","Art",0.22051282051282,0.147826740617132,0.126205212869695,0.156664544785425,0.135859821578418
"PartVnI_IntervalsMajorAsc_Per",-4.58651535267868,"Baldassare Galuppi","high",3,1147,"Tu_mi_scorgi","Did",0.217286914765906,0.147826740617132,0.126205212869695,0.156664544785425,0.135859821578418
"PartVnI_IntervalsMajorAsc_Per",-4.58651535267868,"Davide Perez","low",1,1939,"Fra_cento","Art",0.0464700625558534,0.147826740617132,0.126205212869695,0.156664544785425,0.135859821578418
"PartVnI_IntervalsMajorAsc_Per",-4.58651535267868,"Davide Perez","low",2,2772,"E_falso","Adr",0.0547945205479452,0.147826740617132,0.126205212869695,0.156664544785425,0.135859821578418
"PartVnI_IntervalsMajorAsc_Per",-4.58651535267868,"Davide Perez","low",3,2775,"Barbaro_non","Adr",0.0553235908141962,0.147826740617132,0.126205212869695,0.156664544785425,0.135859821578418
"PartVnI_IntervalsMajorAsc_Per",-4.58651535267868,"Niccolò Jommelli","high",1,2402,"Cosi_stupisce","Art",0.294294294294294,0.147826740617132,0.126205212869695,0.156664544785425,0.135859821578418
"PartVnI_IntervalsMajorAsc_Per",-4.58651535267868,"Niccolò Jommelli","high",2,1185,"Odo_il","Dem",0.241618497109826,0.147826740617132,0.126205212869695,0.156664544785425,0.135859821578418
"PartVnI_IntervalsMajorAsc_Per",-4.58651535267868,"Niccolò Jommelli","high",3,954,"Che_mai","Dem",0.241379310344828,0.147826740617132,0.126205212869695,0.156664544785425,0.135859821578418
"PartVnI_IntervalsMajorAsc_Per",-4.58651535267868,"Johann Adolph Hasse","low",1,2069,"Va_tra","Art",0.036726128016789,0.147826740617132,0.126205212869695,0.156664544785425,0.135859821578418
"PartVnI_IntervalsMajorAsc_Per",-4.58651535267868,"Johann Adolph Hasse","low",2,746,"Dove_si","Ale",0.0388151174668028,0.147826740617132,0.126205212869695,0.156664544785425,0.135859821578418
"PartVnI_IntervalsMajorAsc_Per",-4.58651535267868,"Johann Adolph Hasse","low",3,195,"Chiamami_pur","Did",0.0476900149031296,0.147826740617132,0.126205212869695,0.156664544785425,0.135859821578418
"PartVn_Degree1_Per_relative",9.96019252046951,"Baldassare Galuppi","low",1,673,"Se_mai","Ale",0.159517857142857,0.210600211759498,0.242129063730989,0.216105824100935,0.224873630544936
"PartVn_Degree1_Per_relative",9.96019252046951,"Baldassare Galuppi","low",2,1211,"Padre_perdona","Dem",0.163723943510472,0.210600211759498,0.242129063730989,0.216105824100935,0.224873630544936
"PartVn_Degree1_Per_relative",9.96019252046951,"Baldassare Galuppi","low",3,1240,"Il_suo","Dem",0.16484205194914,0.210600211759498,0.242129063730989,0.216105824100935,0.224873630544936
"PartVn_Degree1_Per_relative",9.96019252046951,"Davide Perez","high",1,1064,"Se_amore","Ale",0.336283039777416,0.210600211759498,0.242129063730989,0.216105824100935,0.224873630544936
"PartVn_Degree1_Per_relative",9.96019252046951,"Davide Perez","high",2,1943,"Non_ti","Art",0.321153846153846,0.210600211759498,0.242129063730989,0.216105824100935,0.224873630544936
"PartVn_Degree1_Per_relative",9.96019252046951,"Davide Perez","high",3,1938,"Non_temer_chio","Art",0.314331650928036,0.210600211759498,0.242129063730989,0.216105824100935,0.224873630544936
"PartVn_Degree1_Per_relative",9.96019252046951,"Niccolò Jommelli","low",1,1611,"Dove_si","Ale",0.132543209876543,0.210600211759498,0.242129063730989,0.216105824100935,0.224873630544936
"PartVn_Degree1_Per_relative",9.96019252046951,"Niccolò Jommelli","low",2,2120,"Conservati_fedele","Art",0.14153053061401,0.210600211759498,0.242129063730989,0.216105824100935,0.224873630544936
"PartVn_Degree1_Per_relative",9.96019252046951,"Niccolò Jommelli","low",3,951,"La_destra","Dem",0.150797564214869,0.210600211759498,0.242129063730989,0.216105824100935,0.224873630544936
"PartVn_Degree1_Per_relative",9.96019252046951,"Johann Adolph Hasse","low",1,194,"Veggio_la","Did",0.14624007413032,0.210600211759498,0.242129063730989,0.216105824100935,0.224873630544936
"PartVn_Degree1_Per_relative",9.96019252046951,"Johann Adolph Hasse","low",2,2320,"Dove_si","Ale",0.147021329825212,0.210600211759498,0.242129063730989,0.216105824100935,0.224873630544936
"PartVn_Degree1_Per_relative",9.96019252046951,"Johann Adolph Hasse","low",3,862,"No_non","Dem",0.1494613318684,0.210600211759498,0.242129063730989,0.216105824100935,0.224873630544936
"PartVn_Degree3_Per_relative",7.38975022276365,"Baldassare Galuppi","low",1,506,"Ah_non_lasciarmi","Did",0.111459853855335,0.164229097198691,0.186446896519617,0.160509126463162,0.151971043573317
"PartVn_Degree3_Per_relative",7.38975022276365,"Baldassare Galuppi","low",2,798,"Ah_non_lasciarmi","Did",0.116769008125935,0.164229097198691,0.186446896519617,0.160509126463162,0.151971043573317
"PartVn_Degree3_Per_relative",7.38975022276365,"Baldassare Galuppi","low",3,1281,"Se_viver","Ale",0.120954560313828,0.164229097198691,0.186446896519617,0.160509126463162,0.151971043573317
"PartVn_Degree3_Per_relative",7.38975022276365,"Davide Perez","high",1,1381,"Serbati_a","Ale",0.250001045565756,0.164229097198691,0.186446896519617,0.160509126463162,0.151971043573317
"PartVn_Degree3_Per_relative",7.38975022276365,"Davide Perez","high",2,1968,"Nuvoletta_opposta","Art",0.245721001506415,0.164229097198691,0.186446896519617,0.160509126463162,0.151971043573317
"PartVn_Degree3_Per_relative",7.38975022276365,"Davide Perez","high",3,235,"Tu_mi_scorgi","Did",0.242490339762599,0.164229097198691,0.186446896519617,0.160509126463162,0.151971043573317
"PartVn_Degree3_Per_relative",7.38975022276365,"Niccolò Jommelli","low",1,892,"Nel_tuo","Dem",0.103187219010918,0.164229097198691,0.186446896519617,0.160509126463162,0.151971043573317
"PartVn_Degree3_Per_relative",7.38975022276365,"Niccolò Jommelli","low",2,237,"Tacero_se","Did",0.108770625933097,0.164229097198691,0.186446896519617,0.160509126463162,0.151971043573317
"PartVn_Degree3_Per_relative",7.38975022276365,"Niccolò Jommelli","low",3,927,"Prudente_mi","Dem",0.10945737259705,0.164229097198691,0.186446896519617,0.160509126463162,0.151971043573317
"PartVn_Degree3_Per_relative",7.38975022276365,"Johann Adolph Hasse","low",1,738,"Spera_si","Ale",0.0955455706596113,0.164229097198691,0.186446896519617,0.160509126463162,0.151971043573317
"PartVn_Degree3_Per_relative",7.38975022276365,"Johann Adolph Hasse","low",2,858,"Se_ardire","Dem",0.101254745718362,0.164229097198691,0.186446896519617,0.160509126463162,0.151971043573317
"PartVn_Degree3_Per_relative",7.38975022276365,"Johann Adolph Hasse","low",3,889,"Non_vi","Dem",0.102170866747393,0.164229097198691,0.186446896519617,0.160509126463162,0.151971043573317
"PartVn_Degree6_Per_relative",-8.92533412836455,"Baldassare Galuppi","high",1,2043,"Perche_tarda","Art",0.155006211180124,0.0853802100554035,0.064069898731224,0.090799476752187,0.0813208575963304
"PartVn_Degree6_Per_relative",-8.92533412836455,"Baldassare Galuppi","high",2,673,"Se_mai","Ale",0.133803571428571,0.0853802100554035,0.064069898731224,0.090799476752187,0.0813208575963304
"PartVn_Degree6_Per_relative",-8.92533412836455,"Baldassare Galuppi","high",3,1281,"Se_viver","Ale",0.129787784679089,0.0853802100554035,0.064069898731224,0.090799476752187,0.0813208575963304
"PartVn_Degree6_Per_relative",-8.92533412836455,"Davide Perez","low",1,1381,"Serbati_a","Ale",0.0234436753727441,0.0853802100554035,0.064069898731224,0.090799476752187,0.0813208575963304
"PartVn_Degree6_Per_relative",-8.92533412836455,"Davide Perez","low",2,1380,"Se_troppo","Ale",0.0241423663034963,0.0853802100554035,0.064069898731224,0.090799476752187,0.0813208575963304
"PartVn_Degree6_Per_relative",-8.92533412836455,"Davide Perez","low",3,697,"Se_mai","Ale",0.0273384516748446,0.0853802100554035,0.064069898731224,0.090799476752187,0.0813208575963304
"PartVn_Degree6_Per_relative",-8.92533412836455,"Niccolò Jommelli","high",1,240,"Veggio_la","Did",0.14220648889477,0.0853802100554035,0.064069898731224,0.090799476752187,0.0813208575963304
"PartVn_Degree6_Per_relative",-8.92533412836455,"Niccolò Jommelli","high",2,329,"La_caduta","Did",0.141485275288092,0.0853802100554035,0.064069898731224,0.090799476752187,0.0813208575963304
"PartVn_Degree6_Per_relative",-8.92533412836455,"Niccolò Jommelli","high",3,2401,"Per_quel","Art",0.135073066085635,0.0853802100554035,0.064069898731224,0.090799476752187,0.0813208575963304
"PartVn_Degree6_Per_relative",-8.92533412836455,"Johann Adolph Hasse","high",1,863,"Felice_eta","Dem",0.194342364787709,0.0853802100554035,0.064069898731224,0.090799476752187,0.0813208575963304
"PartVn_Degree6_Per_relative",-8.92533412836455,"Johann Adolph Hasse","high",2,2319,"Finche_rimango","Ale",0.141993957703928,0.0853802100554035,0.064069898731224,0.090799476752187,0.0813208575963304
"PartVn_Degree6_Per_relative",-8.92533412836455,"Johann Adolph Hasse","high",3,2294,"Se_amore","Ale",0.128785148150301,0.0853802100554035,0.064069898731224,0.090799476752187,0.0813208575963304
"Score_AbsoluteIntervallicStd",-3.3516713735892,"Baldassare Galuppi","high",1,2035,"Cosi_stupisce","Art",4.90694069676953,3.07318732478134,2.92665000784589,3.37870649866142,3.15640418562014
"Score_AbsoluteIntervallicStd",-3.3516713735892,"Baldassare Galuppi","high",2,669,"Vedrai_con","Ale",3.96511921258808,3.07318732478134,2.92665000784589,3.37870649866142,3.15640418562014
"Score_AbsoluteIntervallicStd",-3.3516713735892,"Baldassare Galuppi","high",3,1226,"Perfidi_gia","Dem",3.76956704623233,3.07318732478134,2.92665000784589,3.37870649866142,3.15640418562014
"Score_AbsoluteIntervallicStd",-3.3516713735892,"Davide Perez","low",1,1939,"Fra_cento","Art",2.24312122834688,3.07318732478134,2.92665000784589,3.37870649866142,3.15640418562014
"Score_AbsoluteIntervallicStd",-3.3516713735892,"Davide Perez","low",2,1933,"Dimmi_che","Art",2.3852337378456,3.07318732478134,2.92665000784589,3.37870649866142,3.15640418562014
"Score_AbsoluteIntervallicStd",-3.3516713735892,"Davide Perez","low",3,1065,"E_maggiore","Ale",2.43083444634486,3.07318732478134,2.92665000784589,3.37870649866142,3.15640418562014
"Score_AbsoluteIntervallicStd",-3.3516713735892,"Niccolò Jommelli","high",1,539,"Perfidi_gia","Dem",4.70763173818382,3.07318732478134,2.92665000784589,3.37870649866142,3.15640418562014
"Score_AbsoluteIntervallicStd",-3.3516713735892,"Niccolò Jommelli","high",2,135,"Cadra_fra","Did",4.6596441046523,3.07318732478134,2.92665000784589,3.37870649866142,3.15640418562014
"Score_AbsoluteIntervallicStd",-3.3516713735892,"Niccolò Jommelli","high",3,502,"Temo_in","Dem",4.63102363162366,3.07318732478134,2.92665000784589,3.37870649866142,3.15640418562014
"Score_AbsoluteIntervallicStd",-3.3516713735892,"Johann Adolph Hasse","high",1,722,"Vil_trofeo","Ale",4.25872557017086,3.07318732478134,2.92665000784589,3.37870649866142,3.15640418562014
"Score_AbsoluteIntervallicStd",-3.3516713735892,"Johann Adolph Hasse","high",2,733,"Generoso_resvegliarti","Ale",4.16700352380138,3.07318732478134,2.92665000784589,3.37870649866142,3.15640418562014
"Score_AbsoluteIntervallicStd",-3.3516713735892,"Johann Adolph Hasse","high",3,721,"Vedrai_con","Ale",4.10367004396662,3.07318732478134,2.92665000784589,3.37870649866142,3.15640418562014
"Score_AbsoluteIntervallicTrimDiff",-4.35704103343509,"Baldassare Galuppi","high",1,683,"Destrier_che","Ale",0.851210699524828,0.606523030214023,0.553534582908607,0.68695362777486,0.616815011163466
"Score_AbsoluteIntervallicTrimDiff",-4.35704103343509,"Baldassare Galuppi","high",2,2038,"Figlio_se","Art",0.825171461255658,0.606523030214023,0.553534582908607,0.68695362777486,0.616815011163466
"Score_AbsoluteIntervallicTrimDiff",-4.35704103343509,"Baldassare Galuppi","high",3,130,"Cadra_fra","Did",0.819669330190286,0.606523030214023,0.553534582908607,0.68695362777486,0.616815011163466
"Score_AbsoluteIntervallicTrimDiff",-4.35704103343509,"Davide Perez","low",1,1065,"E_maggiore","Ale",0.329740406320542,0.606523030214023,0.553534582908607,0.68695362777486,0.616815011163466
"Score_AbsoluteIntervallicTrimDiff",-4.35704103343509,"Davide Perez","low",2,718,"Son_confusa","Ale",0.367836523096278,0.606523030214023,0.553534582908607,0.68695362777486,0.616815011163466
"Score_AbsoluteIntervallicTrimDiff",-4.35704103343509,"Davide Perez","low",3,263,"Quel_nocchier","Did",0.394136134686014,0.606523030214023,0.553534582908607,0.68695362777486,0.616815011163466
"Score_AbsoluteIntervallicTrimDiff",-4.35704103343509,"Niccolò Jommelli","high",1,539,"Perfidi_gia","Dem",1.04313774724573,0.606523030214023,0.553534582908607,0.68695362777486,0.616815011163466
"Score_AbsoluteIntervallicTrimDiff",-4.35704103343509,"Niccolò Jommelli","high",2,502,"Temo_in","Dem",1.00561660444707,0.606523030214023,0.553534582908607,0.68695362777486,0.616815011163466
"Score_AbsoluteIntervallicTrimDiff",-4.35704103343509,"Niccolò Jommelli","high",3,2400,"Va_tra","Art",0.966131347936664,0.606523030214023,0.553534582908607,0.68695362777486,0.616815011163466
"Score_AbsoluteIntervallicTrimDiff",-4.35704103343509,"Johann Adolph Hasse","high",1,721,"Vedrai_con","Ale",0.876406488500586,0.606523030214023,0.553534582908607,0.68695362777486,0.616815011163466
"Score_AbsoluteIntervallicTrimDiff",-4.35704103343509,"Johann Adolph Hasse","high",2,730,"Se_amore","Ale",0.868416996701613,0.606523030214023,0.553534582908607,0.68695362777486,0.616815011163466
"Score_AbsoluteIntervallicTrimDiff",-4.35704103343509,"Johann Adolph Hasse","high",3,858,"Se_ardire","Dem",0.86080782133101,0.606523030214023,0.553534582908607,0.68695362777486,0.616815011163466
"Score_Degree.4_Per_relative",-5.34498034328806,"Baldassare Galuppi","high",1,2531,"Vado_ma","Did",0.0332693538067818,0.0108058347722346,0.00775732919066893,0.0104565419911317,0.0120238256898197
"Score_Degree.4_Per_relative",-5.34498034328806,"Baldassare Galuppi","high",2,687,"Tu_mi_disarmi","Did",0.0331753554502369,0.0108058347722346,0.00775732919066893,0.0104565419911317,0.0120238256898197
"Score_Degree.4_Per_relative",-5.34498034328806,"Baldassare Galuppi","high",3,1159,"Va_crescendo","Did",0.0316742081447963,0.0108058347722346,0.00775732919066893,0.0104565419911317,0.0120238256898197
"Score_Degree.4_Per_relative",-5.34498034328806,"Davide Perez","low",1,1350,"Se_mai","Ale",0,0.0108058347722346,0.00775732919066893,0.0104565419911317,0.0120238256898197
"Score_Degree.4_Per_relative",-5.34498034328806,"Davide Perez","low",2,694,"Se_mai","Ale",0,0.0108058347722346,0.00775732919066893,0.0104565419911317,0.0120238256898197
"Score_Degree.4_Per_relative",-5.34498034328806,"Davide Perez","low",3,1383,"Mio_ben","Ale",0,0.0108058347722346,0.00775732919066893,0.0104565419911317,0.0120238256898197
"Score_Degree.4_Per_relative",-5.34498034328806,"Niccolò Jommelli","high",1,152,"Ogni_amator","Did",0.0480225988700565,0.0108058347722346,0.00775732919066893,0.0104565419911317,0.0120238256898197
"Score_Degree.4_Per_relative",-5.34498034328806,"Niccolò Jommelli","high",2,507,"Prudente_mi","Dem",0.031010719754977,0.0108058347722346,0.00775732919066893,0.0104565419911317,0.0120238256898197
"Score_Degree.4_Per_relative",-5.34498034328806,"Niccolò Jommelli","high",3,81,"Misero_pargoletto","Dem",0.0307692307692307,0.0108058347722346,0.00775732919066893,0.0104565419911317,0.0120238256898197
"Score_Degree.4_Per_relative",-5.34498034328806,"Johann Adolph Hasse","high",1,2069,"Va_tra","Art",0.0971363115693012,0.0108058347722346,0.00775732919066893,0.0104565419911317,0.0120238256898197
"Score_Degree.4_Per_relative",-5.34498034328806,"Johann Adolph Hasse","high",2,2320,"Dove_si","Ale",0.0403280929596719,0.0108058347722346,0.00775732919066893,0.0104565419911317,0.0120238256898197
"Score_Degree.4_Per_relative",-5.34498034328806,"Johann Adolph Hasse","high",3,2075,"Torna_innocente","Art",0.0356778797145769,0.0108058347722346,0.00775732919066893,0.0104565419911317,0.0120238256898197
"Score_Degree1_Per_relative",9.48825029913305,"Baldassare Galuppi","low",1,1161,"Chiamami_pur","Did",0.185433235663458,0.226422319317541,0.254950283770743,0.238579453371607,0.22188859011674
"Score_Degree1_Per_relative",9.48825029913305,"Baldassare Galuppi","low",2,708,"Ombra_dell","Ale",0.189683860232945,0.226422319317541,0.254950283770743,0.238579453371607,0.22188859011674
"Score_Degree1_Per_relative",9.48825029913305,"Baldassare Galuppi","low",3,1162,"Quando_londa","Did",0.191983122362869,0.226422319317541,0.254950283770743,0.238579453371607,0.22188859011674
"Score_Degree1_Per_relative",9.48825029913305,"Davide Perez","high",1,1070,"Son_confusa","Ale",0.339089481946625,0.226422319317541,0.254950283770743,0.238579453371607,0.22188859011674
"Score_Degree1_Per_relative",9.48825029913305,"Davide Perez","high",2,1369,"Se_mai","Ale",0.327402957486137,0.226422319317541,0.254950283770743,0.238579453371607,0.22188859011674
"Score_Degree1_Per_relative",9.48825029913305,"Davide Perez","high",3,1350,"Se_mai","Ale",0.32051282051282,0.226422319317541,0.254950283770743,0.238579453371607,0.22188859011674
"Score_Degree1_Per_relative",9.48825029913305,"Niccolò Jommelli","low",1,1610,"Se_il","Ale",0.171837708830549,0.226422319317541,0.254950283770743,0.238579453371607,0.22188859011674
"Score_Degree1_Per_relative",9.48825029913305,"Niccolò Jommelli","low",2,120,"Se_tutti","Dem",0.179458862506902,0.226422319317541,0.254950283770743,0.238579453371607,0.22188859011674
"Score_Degree1_Per_relative",9.48825029913305,"Niccolò Jommelli","low",3,944,"Padre_perdona","Dem",0.182259767687434,0.226422319317541,0.254950283770743,0.238579453371607,0.22188859011674
"Score_Degree1_Per_relative",9.48825029913305,"Johann Adolph Hasse","low",1,2167,"Tu_vuoi","Art",0.169041963578781,0.226422319317541,0.254950283770743,0.238579453371607,0.22188859011674
"Score_Degree1_Per_relative",9.48825029913305,"Johann Adolph Hasse","low",2,2727,"Prigioniera_abbandonata","Adr",0.170557717250324,0.226422319317541,0.254950283770743,0.238579453371607,0.22188859011674
"Score_Degree1_Per_relative",9.48825029913305,"Johann Adolph Hasse","low",3,2309,"Se_viver","Ale",0.17246835443038,0.226422319317541,0.254950283770743,0.238579453371607,0.22188859011674
"Score_Degree2_Per_relative",-5.53716013087034,"Baldassare Galuppi","high",1,708,"Ombra_dell","Ale",0.18801996672213,0.118345214601565,0.108134688062398,0.113069866495669,0.124525395071275
"Score_Degree2_Per_relative",-5.53716013087034,"Baldassare Galuppi","high",2,1159,"Va_crescendo","Did",0.16289592760181,0.118345214601565,0.108134688062398,0.113069866495669,0.124525395071275
"Score_Degree2_Per_relative",-5.53716013087034,"Baldassare Galuppi","high",3,832,"Vorrei_disciogliere","Did",0.155765595463138,0.118345214601565,0.108134688062398,0.113069866495669,0.124525395071275
"Score_Degree2_Per_relative",-5.53716013087034,"Davide Perez","low",1,244,"Se_dalle","Did",0.0682399213372664,0.118345214601565,0.108134688062398,0.113069866495669,0.124525395071275
"Score_Degree2_Per_relative",-5.53716013087034,"Davide Perez","low",2,1350,"Se_mai","Ale",0.0692307692307692,0.118345214601565,0.108134688062398,0.113069866495669,0.124525395071275
"Score_Degree2_Per_relative",-5.53716013087034,"Davide Perez","low",3,1071,"Ombra_dell","Ale",0.0755750273822563,0.118345214601565,0.108134688062398,0.113069866495669,0.124525395071275
"Score_Degree2_Per_relative",-5.53716013087034,"Niccolò Jommelli","low",1,934,"Odo_il","Dem",0.0695979899497487,0.118345214601565,0.108134688062398,0.113069866495669,0.124525395071275
"Score_Degree2_Per_relative",-5.53716013087034,"Niccolò Jommelli","low",2,90,"Misero_pargoletto","Dem",0.082703213610586,0.118345214601565,0.108134688062398,0.113069866495669,0.124525395071275
"Score_Degree2_Per_relative",-5.53716013087034,"Niccolò Jommelli","low",3,1613,"Se_troppo","Ale",0.0842490842490842,0.118345214601565,0.108134688062398,0.113069866495669,0.124525395071275
"Score_Degree2_Per_relative",-5.53716013087034,"Johann Adolph Hasse","high",1,745,"Quanto_mai","Ezi",0.218579234972678,0.118345214601565,0.108134688062398,0.113069866495669,0.124525395071275
"Score_Degree2_Per_relative",-5.53716013087034,"Johann Adolph Hasse","high",2,196,"Va_lusingando","Did",0.182475158084914,0.118345214601565,0.108134688062398,0.113069866495669,0.124525395071275
"Score_Degree2_Per_relative",-5.53716013087034,"Johann Adolph Hasse","high",3,561,"O_piu","Dem",0.180947933691338,0.118345214601565,0.108134688062398,0.113069866495669,0.124525395071275
"Score_Degree6_Per_relative",-6.72616500254335,"Baldassare Galuppi","high",1,2043,"Perche_tarda","Art",0.105175292153589,0.0766408723596742,0.0628015401139416,0.0833503060394645,0.0788629507504504
"Score_Degree6_Per_relative",-6.72616500254335,"Baldassare Galuppi","high",2,673,"Se_mai","Ale",0.104210526315789,0.0766408723596742,0.0628015401139416,0.0833503060394645,0.0788629507504504
"Score_Degree6_Per_relative",-6.72616500254335,"Baldassare Galuppi","high",3,1144,"Son_regina","Did",0.0987920621225194,0.0766408723596742,0.0628015401139416,0.0833503060394645,0.0788629507504504
"Score_Degree6_Per_relative",-6.72616500254335,"Davide Perez","low",1,1380,"Se_troppo","Ale",0.023857430296062,0.0766408723596742,0.0628015401139416,0.0833503060394645,0.0788629507504504
"Score_Degree6_Per_relative",-6.72616500254335,"Davide Perez","low",2,1381,"Serbati_a","Ale",0.0244523688232297,0.0766408723596742,0.0628015401139416,0.0833503060394645,0.0788629507504504
"Score_Degree6_Per_relative",-6.72616500254335,"Davide Perez","low",3,255,"Fra_tutte","Did",0.0269312544294826,0.0766408723596742,0.0628015401139416,0.0833503060394645,0.0788629507504504
"Score_Degree6_Per_relative",-6.72616500254335,"Niccolò Jommelli","high",1,329,"La_caduta","Did",0.124384236453202,0.0766408723596742,0.0628015401139416,0.0833503060394645,0.0788629507504504
"Score_Degree6_Per_relative",-6.72616500254335,"Niccolò Jommelli","high",2,1578,"O_sugli","Ale",0.124123148869836,0.0766408723596742,0.0628015401139416,0.0833503060394645,0.0788629507504504
"Score_Degree6_Per_relative",-6.72616500254335,"Niccolò Jommelli","high",3,240,"Veggio_la","Did",0.120206067544362,0.0766408723596742,0.0628015401139416,0.0833503060394645,0.0788629507504504
"Score_Degree6_Per_relative",-6.72616500254335,"Johann Adolph Hasse","high",1,863,"Felice_eta","Dem",0.183856502242152,0.0766408723596742,0.0628015401139416,0.0833503060394645,0.0788629507504504
"Score_Degree6_Per_relative",-6.72616500254335,"Johann Adolph Hasse","high",2,101,"Se_resto","Did",0.12446474450471,0.0766408723596742,0.0628015401139416,0.0833503060394645,0.0788629507504504
"Score_Degree6_Per_relative",-6.72616500254335,"Johann Adolph Hasse","high",3,2129,"Non_ti","Art",0.121424401634559,0.0766408723596742,0.0628015401139416,0.0833503060394645,0.0788629507504504
"Score_DescendingIntervallicStd",-3.02704339734153,"Baldassare Galuppi","high",1,2035,"Cosi_stupisce","Art",5.01334363691981,2.90486709748553,2.73846194589952,3.22785404907453,2.93479671882242
"Score_DescendingIntervallicStd",-3.02704339734153,"Baldassare Galuppi","high",2,669,"Vedrai_con","Ale",3.82618027627473,2.90486709748553,2.73846194589952,3.22785404907453,2.93479671882242
"Score_DescendingIntervallicStd",-3.02704339734153,"Baldassare Galuppi","high",3,1226,"Perfidi_gia","Dem",3.76552742835591,2.90486709748553,2.73846194589952,3.22785404907453,2.93479671882242
"Score_DescendingIntervallicStd",-3.02704339734153,"Davide Perez","low",1,1989,"Non_e","Art",1.78167240480092,2.90486709748553,2.73846194589952,3.22785404907453,2.93479671882242
"Score_DescendingIntervallicStd",-3.02704339734153,"Davide Perez","low",2,719,"Serbati_a","Ale",2.02973974516869,2.90486709748553,2.73846194589952,3.22785404907453,2.93479671882242
"Score_DescendingIntervallicStd",-3.02704339734153,"Davide Perez","low",3,1381,"Serbati_a","Ale",2.06859289826128,2.90486709748553,2.73846194589952,3.22785404907453,2.93479671882242
"Score_DescendingIntervallicStd",-3.02704339734153,"Niccolò Jommelli","high",1,539,"Perfidi_gia","Dem",4.6879385850398,2.90486709748553,2.73846194589952,3.22785404907453,2.93479671882242
"Score_DescendingIntervallicStd",-3.02704339734153,"Niccolò Jommelli","high",2,135,"Cadra_fra","Did",4.5611594346552,2.90486709748553,2.73846194589952,3.22785404907453,2.93479671882242
"Score_DescendingIntervallicStd",-3.02704339734153,"Niccolò Jommelli","high",3,502,"Temo_in","Dem",4.49342283972818,2.90486709748553,2.73846194589952,3.22785404907453,2.93479671882242
"Score_DescendingIntervallicStd",-3.02704339734153,"Johann Adolph Hasse","high",1,2614,"Barbaro_non","Adr",4.78171669592885,2.90486709748553,2.73846194589952,3.22785404907453,2.93479671882242
"Score_DescendingIntervallicStd",-3.02704339734153,"Johann Adolph Hasse","high",2,721,"Vedrai_con","Ale",4.52281294829898,2.90486709748553,2.73846194589952,3.22785404907453,2.93479671882242
"Score_DescendingIntervallicStd",-3.02704339734153,"Johann Adolph Hasse","high",3,728,"Vuoi_saper","Ale",4.31096624211664,2.90486709748553,2.73846194589952,3.22785404907453,2.93479671882242
"Score_DynMean_weighted",5.64333960518135,"Baldassare Galuppi","low",1,771,"La_face","Did",15.6869262424818,51.743159414308,54.9563943060618,52.5647499136263,60.32710785074
"Score_DynMean_weighted",5.64333960518135,"Baldassare Galuppi","low",2,772,"Va_crescendo","Did",25.5520282186949,51.743159414308,54.9563943060618,52.5647499136263,60.32710785074
"Score_DynMean_weighted",5.64333960518135,"Baldassare Galuppi","low",3,117,"Se_tutti","Dem",40.6336676827203,51.743159414308,54.9563943060618,52.5647499136263,60.32710785074
"Score_DynMean_weighted",5.64333960518135,"Davide Perez","high",1,690,"Vedrai_con","Ale",70.3558562180898,51.743159414308,54.9563943060618,52.5647499136263,60.32710785074
"Score_DynMean_weighted",5.64333960518135,"Davide Perez","high",2,2775,"Barbaro_non","Adr",69.9353400297592,51.743159414308,54.9563943060618,52.5647499136263,60.32710785074
"Score_DynMean_weighted",5.64333960518135,"Davide Perez","high",3,1068,"Dove_si","Ale",68.9111772998039,51.743159414308,54.9563943060618,52.5647499136263,60.32710785074
"Score_DynMean_weighted",5.64333960518135,"Niccolò Jommelli","low",1,339,"Se_il","Did",36.9756208820958,51.743159414308,54.9563943060618,52.5647499136263,60.32710785074
"Score_DynMean_weighted",5.64333960518135,"Niccolò Jommelli","low",2,81,"Misero_pargoletto","Dem",37.9226319475158,51.743159414308,54.9563943060618,52.5647499136263,60.32710785074
"Score_DynMean_weighted",5.64333960518135,"Niccolò Jommelli","low",3,2413,"Non_e","Art",38.9175917968197,51.743159414308,54.9563943060618,52.5647499136263,60.32710785074
"Score_DynMean_weighted",5.64333960518135,"Johann Adolph Hasse","high",1,197,"Vivi_superbo","Did",75.1855023666618,51.743159414308,54.9563943060618,52.5647499136263,60.32710785074
"Score_DynMean_weighted",5.64333960518135,"Johann Adolph Hasse","high",2,194,"Veggio_la","Did",73.8511861534737,51.743159414308,54.9563943060618,52.5647499136263,60.32710785074
"Score_DynMean_weighted",5.64333960518135,"Johann Adolph Hasse","high",3,859,"Tu_sai","Dem",73.5323658479695,51.743159414308,54.9563943060618,52.5647499136263,60.32710785074
"Score_IntervalP.8_Per",-5.43636867454825,"Baldassare Galuppi","high",1,2035,"Cosi_stupisce","Art",0.122495706926159,0.0218003692785319,0.0139653027323204,0.0265246471762429,0.0190195248119569
"Score_IntervalP.8_Per",-5.43636867454825,"Baldassare Galuppi","high",2,669,"Vedrai_con","Ale",0.0602945262572936,0.0218003692785319,0.0139653027323204,0.0265246471762429,0.0190195248119569
"Score_IntervalP.8_Per",-5.43636867454825,"Baldassare Galuppi","high",3,1210,"Non_curo","Dem",0.0520484411234218,0.0218003692785319,0.0139653027323204,0.0265246471762429,0.0190195248119569
"Score_IntervalP.8_Per",-5.43636867454825,"Davide Perez","low",1,1989,"Non_e","Art",0.0008768084173608,0.0218003692785319,0.0139653027323204,0.0265246471762429,0.0190195248119569
"Score_IntervalP.8_Per",-5.43636867454825,"Davide Perez","low",2,1384,"Son_confusa","Ale",0.0022172949002217,0.0218003692785319,0.0139653027323204,0.0265246471762429,0.0190195248119569
"Score_IntervalP.8_Per",-5.43636867454825,"Davide Perez","low",3,1070,"Son_confusa","Ale",0.0043255996854109,0.0218003692785319,0.0139653027323204,0.0265246471762429,0.0190195248119569
"Score_IntervalP.8_Per",-5.43636867454825,"Niccolò Jommelli","high",1,15,"Son_regina","Did",0.0793222003929273,0.0218003692785319,0.0139653027323204,0.0265246471762429,0.0190195248119569
"Score_IntervalP.8_Per",-5.43636867454825,"Niccolò Jommelli","high",2,1575,"Se_mai","Ale",0.0709677419354838,0.0218003692785319,0.0139653027323204,0.0265246471762429,0.0190195248119569
"Score_IntervalP.8_Per",-5.43636867454825,"Niccolò Jommelli","high",3,934,"Odo_il","Dem",0.0607511973783715,0.0218003692785319,0.0139653027323204,0.0265246471762429,0.0190195248119569
"Score_IntervalP.8_Per",-5.43636867454825,"Johann Adolph Hasse","high",1,728,"Vuoi_saper","Ale",0.0765095119933829,0.0218003692785319,0.0139653027323204,0.0265246471762429,0.0190195248119569
"Score_IntervalP.8_Per",-5.43636867454825,"Johann Adolph Hasse","high",2,733,"Generoso_resvegliarti","Ale",0.0644515612489992,0.0218003692785319,0.0139653027323204,0.0265246471762429,0.0190195248119569
"Score_IntervalP.8_Per",-5.43636867454825,"Johann Adolph Hasse","high",3,2726,"E_vero","Adr",0.0515267175572519,0.0218003692785319,0.0139653027323204,0.0265246471762429,0.0190195248119569
"Score_IntervalP4_Per",-5.53789062321781,"Baldassare Galuppi","high",1,1714,"Conservati_fedele","Art",0.0917874396135265,0.0454633170740103,0.041337503012194,0.0370483459750924,0.0436377381335943
"Score_IntervalP4_Per",-5.53789062321781,"Baldassare Galuppi","high",2,700,"Se_e","Ale",0.0879973027646662,0.0454633170740103,0.041337503012194,0.0370483459750924,0.0436377381335943
"Score_IntervalP4_Per",-5.53789062321781,"Baldassare Galuppi","high",3,708,"Ombra_dell","Ale",0.0789915966386554,0.0454633170740103,0.041337503012194,0.0370483459750924,0.0436377381335943
"Score_IntervalP4_Per",-5.53789062321781,"Davide Perez","low",1,1939,"Fra_cento","Art",0.0137707573916565,0.0454633170740103,0.041337503012194,0.0370483459750924,0.0436377381335943
"Score_IntervalP4_Per",-5.53789062321781,"Davide Perez","low",2,690,"Vedrai_con","Ale",0.0188235294117647,0.0454633170740103,0.041337503012194,0.0370483459750924,0.0436377381335943
"Score_IntervalP4_Per",-5.53789062321781,"Davide Perez","low",3,1933,"Dimmi_che","Art",0.020443420673769,0.0454633170740103,0.041337503012194,0.0370483459750924,0.0436377381335943
"Score_IntervalP4_Per",-5.53789062321781,"Niccolò Jommelli","low",1,1611,"Dove_si","Ale",0.0153417015341701,0.0454633170740103,0.041337503012194,0.0370483459750924,0.0436377381335943
"Score_IntervalP4_Per",-5.53789062321781,"Niccolò Jommelli","low",2,1610,"Se_il","Ale",0.0165289256198347,0.0454633170740103,0.041337503012194,0.0370483459750924,0.0436377381335943
"Score_IntervalP4_Per",-5.53789062321781,"Niccolò Jommelli","low",3,2400,"Va_tra","Art",0.0167364016736401,0.0454633170740103,0.041337503012194,0.0370483459750924,0.0436377381335943
"Score_IntervalP4_Per",-5.53789062321781,"Johann Adolph Hasse","high",1,12,"Son_regina","Did",0.0948048136190196,0.0454633170740103,0.041337503012194,0.0370483459750924,0.0436377381335943
"Score_IntervalP4_Per",-5.53789062321781,"Johann Adolph Hasse","high",2,2004,"Non_ti","Art",0.0936675461741424,0.0454633170740103,0.041337503012194,0.0370483459750924,0.0436377381335943
"Score_IntervalP4_Per",-5.53789062321781,"Johann Adolph Hasse","high",3,2319,"Finche_rimango","Ale",0.0890207715133531,0.0454633170740103,0.041337503012194,0.0370483459750924,0.0436377381335943
"Score_IntervalP8_Per",-3.85438904178467,"Baldassare Galuppi","high",1,2035,"Cosi_stupisce","Art",0.115626788780767,0.0163202533528553,0.011629297807115,0.0224485004086311,0.0174037225338164
"Score_IntervalP8_Per",-3.85438904178467,"Baldassare Galuppi","high",2,669,"Vedrai_con","Ale",0.0608502361767157,0.0163202533528553,0.011629297807115,0.0224485004086311,0.0174037225338164
"Score_IntervalP8_Per",-3.85438904178467,"Baldassare Galuppi","high",3,673,"Se_mai","Ale",0.0412698412698412,0.0163202533528553,0.011629297807115,0.0224485004086311,0.0174037225338164
"Score_IntervalP8_Per",-3.85438904178467,"Davide Perez","low",1,780,"Tintendo_ingrata","Dem",0.0024529844644317,0.0163202533528553,0.011629297807115,0.0224485004086311,0.0174037225338164
"Score_IntervalP8_Per",-3.85438904178467,"Davide Perez","low",2,1350,"Se_mai","Ale",0.0025974025974025,0.0163202533528553,0.011629297807115,0.0224485004086311,0.0174037225338164
"Score_IntervalP8_Per",-3.85438904178467,"Davide Perez","low",3,263,"Quel_nocchier","Did",0.0036836403033586,0.0163202533528553,0.011629297807115,0.0224485004086311,0.0174037225338164
"Score_IntervalP8_Per",-3.85438904178467,"Niccolò Jommelli","high",1,135,"Cadra_fra","Did",0.0904581955597543,0.0163202533528553,0.011629297807115,0.0224485004086311,0.0174037225338164
"Score_IntervalP8_Per",-3.85438904178467,"Niccolò Jommelli","high",2,15,"Son_regina","Did",0.0712180746561886,0.0163202533528553,0.011629297807115,0.0224485004086311,0.0174037225338164
"Score_IntervalP8_Per",-3.85438904178467,"Niccolò Jommelli","high",3,934,"Odo_il","Dem",0.0587345601209982,0.0163202533528553,0.011629297807115,0.0224485004086311,0.0174037225338164
"Score_IntervalP8_Per",-3.85438904178467,"Johann Adolph Hasse","high",1,733,"Generoso_resvegliarti","Ale",0.0600480384307446,0.0163202533528553,0.011629297807115,0.0224485004086311,0.0174037225338164
"Score_IntervalP8_Per",-3.85438904178467,"Johann Adolph Hasse","high",2,743,"Non_e","Ale",0.0481976508707978,0.0163202533528553,0.011629297807115,0.0224485004086311,0.0174037225338164
"Score_IntervalP8_Per",-3.85438904178467,"Johann Adolph Hasse","high",3,728,"Vuoi_saper","Ale",0.0454921422663358,0.0163202533528553,0.011629297807115,0.0224485004086311,0.0174037225338164
"SoundBs_Ambitus",-6.89395918967073,"Baldassare Galuppi","high",1,1243,"Che_mai","Dem",33,24.9558823529412,22.6770186335404,25.0186046511628,24.1442786069652
"SoundBs_Ambitus",-6.89395918967073,"Baldassare Galuppi","high",2,493,"Ardi_per","Did",33,24.9558823529412,22.6770186335404,25.0186046511628,24.1442786069652
"SoundBs_Ambitus",-6.89395918967073,"Baldassare Galuppi","high",3,2023,"Su_le","Art",31,24.9558823529412,22.6770186335404,25.0186046511628,24.1442786069652
"SoundBs_Ambitus",-6.89395918967073,"Davide Perez","low",1,1350,"Se_mai","Ale",9,24.9558823529412,22.6770186335404,25.0186046511628,24.1442786069652
"SoundBs_Ambitus",-6.89395918967073,"Davide Perez","low",2,1374,"Destrier_che","Ale",17,24.9558823529412,22.6770186335404,25.0186046511628,24.1442786069652
"SoundBs_Ambitus",-6.89395918967073,"Davide Perez","low",3,1934,"Deh_respirar","Art",17,24.9558823529412,22.6770186335404,25.0186046511628,24.1442786069652
"SoundBs_Ambitus",-6.89395918967073,"Niccolò Jommelli","high",1,1580,"Voi_che","Ale",33,24.9558823529412,22.6770186335404,25.0186046511628,24.1442786069652
"SoundBs_Ambitus",-6.89395918967073,"Niccolò Jommelli","high",2,921,"In_te","Dem",31,24.9558823529412,22.6770186335404,25.0186046511628,24.1442786069652
"SoundBs_Ambitus",-6.89395918967073,"Niccolò Jommelli","high",3,919,"Per_lei","Dem",31,24.9558823529412,22.6770186335404,25.0186046511628,24.1442786069652
"SoundBs_Ambitus",-6.89395918967073,"Johann Adolph Hasse","high",1,571,"Se_tronca","Dem",33,24.9558823529412,22.6770186335404,25.0186046511628,24.1442786069652
"SoundBs_Ambitus",-6.89395918967073,"Johann Adolph Hasse","high",2,2732,"Saggio_guerriero","Adr",31,24.9558823529412,22.6770186335404,25.0186046511628,24.1442786069652
"SoundBs_Ambitus",-6.89395918967073,"Johann Adolph Hasse","high",3,2313,"Se_troppo","Ale",29,24.9558823529412,22.6770186335404,25.0186046511628,24.1442786069652
"SoundBs_DescendingIntervallicStd",-4.23954156985518,"Baldassare Galuppi","high",1,515,"Fosca_nube","Did",4.71473901740895,3.89420494426348,3.57269054665406,3.88413146358058,3.49845523806681
"SoundBs_DescendingIntervallicStd",-4.23954156985518,"Baldassare Galuppi","high",2,1226,"Perfidi_gia","Dem",4.70855775271323,3.89420494426348,3.57269054665406,3.88413146358058,3.49845523806681
"SoundBs_DescendingIntervallicStd",-4.23954156985518,"Baldassare Galuppi","high",3,774,"Vado_ma","Did",4.67308266703075,3.89420494426348,3.57269054665406,3.88413146358058,3.49845523806681
"SoundBs_DescendingIntervallicStd",-4.23954156985518,"Davide Perez","low",1,1989,"Non_e","Art",1.68086776865291,3.89420494426348,3.57269054665406,3.88413146358058,3.49845523806681
"SoundBs_DescendingIntervallicStd",-4.23954156985518,"Davide Perez","low",2,1350,"Se_mai","Ale",2,3.89420494426348,3.57269054665406,3.88413146358058,3.49845523806681
"SoundBs_DescendingIntervallicStd",-4.23954156985518,"Davide Perez","low",3,1381,"Serbati_a","Ale",2.41229916559878,3.89420494426348,3.57269054665406,3.88413146358058,3.49845523806681
"SoundBs_DescendingIntervallicStd",-4.23954156985518,"Niccolò Jommelli","high",1,135,"Cadra_fra","Did",5.39854171850337,3.89420494426348,3.57269054665406,3.88413146358058,3.49845523806681
"SoundBs_DescendingIntervallicStd",-4.23954156985518,"Niccolò Jommelli","high",2,921,"In_te","Dem",4.97847110643699,3.89420494426348,3.57269054665406,3.88413146358058,3.49845523806681
"SoundBs_DescendingIntervallicStd",-4.23954156985518,"Niccolò Jommelli","high",3,348,"Se_dalle","Did",4.9625979511573,3.89420494426348,3.57269054665406,3.88413146358058,3.49845523806681
"SoundBs_DescendingIntervallicStd",-4.23954156985518,"Johann Adolph Hasse","low",1,2127,"Sogna_il","Art",2.31338475146143,3.89420494426348,3.57269054665406,3.88413146358058,3.49845523806681
"SoundBs_DescendingIntervallicStd",-4.23954156985518,"Johann Adolph Hasse","low",2,886,"Del_cielo","Dem",2.31494586523624,3.89420494426348,3.57269054665406,3.88413146358058,3.49845523806681
"SoundBs_DescendingIntervallicStd",-4.23954156985518,"Johann Adolph Hasse","low",3,2300,"Sommi_dei","Ale",2.34520787991171,3.89420494426348,3.57269054665406,3.88413146358058,3.49845523806681
"SoundBs_HighestNoteIndex",-6.41759700646599,"Baldassare Galuppi","high",1,1243,"Che_mai","Dem",69,63.2058823529412,61.6832298136646,63.2744186046512,62.9303482587065
"SoundBs_HighestNoteIndex",-6.41759700646599,"Baldassare Galuppi","high",2,493,"Ardi_per","Did",69,63.2058823529412,61.6832298136646,63.2744186046512,62.9303482587065
"SoundBs_HighestNoteIndex",-6.41759700646599,"Baldassare Galuppi","high",3,485,"Diro_che","Did",68,63.2058823529412,61.6832298136646,63.2744186046512,62.9303482587065
"SoundBs_HighestNoteIndex",-6.41759700646599,"Davide Perez","low",1,1350,"Se_mai","Ale",54,63.2058823529412,61.6832298136646,63.2744186046512,62.9303482587065
"SoundBs_HighestNoteIndex",-6.41759700646599,"Davide Perez","low",2,2761,"Dopo_un","Adr",58,63.2058823529412,61.6832298136646,63.2744186046512,62.9303482587065
"SoundBs_HighestNoteIndex",-6.41759700646599,"Davide Perez","low",3,1374,"Destrier_che","Ale",58,63.2058823529412,61.6832298136646,63.2744186046512,62.9303482587065
"SoundBs_HighestNoteIndex",-6.41759700646599,"Niccolò Jommelli","high",1,921,"In_te","Dem",71,63.2058823529412,61.6832298136646,63.2744186046512,62.9303482587065
"SoundBs_HighestNoteIndex",-6.41759700646599,"Niccolò Jommelli","high",2,224,"A_trionfar","Did",71,63.2058823529412,61.6832298136646,63.2744186046512,62.9303482587065
"SoundBs_HighestNoteIndex",-6.41759700646599,"Niccolò Jommelli","high",3,1580,"Voi_che","Ale",69,63.2058823529412,61.6832298136646,63.2744186046512,62.9303482587065
"SoundBs_HighestNoteIndex",-6.41759700646599,"Johann Adolph Hasse","high",1,571,"Se_tronca","Dem",69,63.2058823529412,61.6832298136646,63.2744186046512,62.9303482587065
"SoundBs_HighestNoteIndex",-6.41759700646599,"Johann Adolph Hasse","high",2,2732,"Saggio_guerriero","Adr",67,63.2058823529412,61.6832298136646,63.2744186046512,62.9303482587065
"SoundBs_HighestNoteIndex",-6.41759700646599,"Johann Adolph Hasse","high",3,2614,"Barbaro_non","Adr",67,63.2058823529412,61.6832298136646,63.2744186046512,62.9303482587065
"SoundBs_IntervalP.5_Per",4.88732833450076,"Baldassare Galuppi","low",1,1159,"Va_crescendo","Did",0,0.0273436853288342,0.0348899109433174,0.029140769344142,0.034074699948841
"SoundBs_IntervalP.5_Per",4.88732833450076,"Baldassare Galuppi","low",2,2018,"Sogna_il","Art",0.0016722408026755,0.0273436853288342,0.0348899109433174,0.029140769344142,0.034074699948841
"SoundBs_IntervalP.5_Per",4.88732833450076,"Baldassare Galuppi","low",3,685,"Fra_lo","Did",0.0039370078740157,0.0273436853288342,0.0348899109433174,0.029140769344142,0.034074699948841
"SoundBs_IntervalP.5_Per",4.88732833450076,"Davide Perez","high",1,713,"Se_viver","Ale",0.100346020761246,0.0273436853288342,0.0348899109433174,0.029140769344142,0.034074699948841
"SoundBs_IntervalP.5_Per",4.88732833450076,"Davide Perez","high",2,1383,"Mio_ben","Ale",0.0972222222222222,0.0273436853288342,0.0348899109433174,0.029140769344142,0.034074699948841
"SoundBs_IntervalP.5_Per",4.88732833450076,"Davide Perez","high",3,1978,"Ardito_ti","Art",0.0909090909090909,0.0273436853288342,0.0348899109433174,0.029140769344142,0.034074699948841
"SoundBs_IntervalP.5_Per",4.88732833450076,"Niccolò Jommelli","low",1,1575,"Se_mai","Ale",0,0.0273436853288342,0.0348899109433174,0.029140769344142,0.034074699948841
"SoundBs_IntervalP.5_Per",4.88732833450076,"Niccolò Jommelli","low",2,224,"A_trionfar","Did",0.0027173913043478,0.0273436853288342,0.0348899109433174,0.029140769344142,0.034074699948841
"SoundBs_IntervalP.5_Per",4.88732833450076,"Niccolò Jommelli","low",3,203,"Se_dalle","Did",0.0045095828635851,0.0273436853288342,0.0348899109433174,0.029140769344142,0.034074699948841
"SoundBs_IntervalP.5_Per",4.88732833450076,"Johann Adolph Hasse","high",1,866,"Non_odi","Dem",0.100603621730382,0.0273436853288342,0.0348899109433174,0.029140769344142,0.034074699948841
"SoundBs_IntervalP.5_Per",4.88732833450076,"Johann Adolph Hasse","high",2,2006,"Conservati_fedele","Art",0.0969696969696969,0.0273436853288342,0.0348899109433174,0.029140769344142,0.034074699948841
"SoundBs_IntervalP.5_Per",4.88732833450076,"Johann Adolph Hasse","high",3,196,"Va_lusingando","Did",0.091743119266055,0.0273436853288342,0.0348899109433174,0.029140769344142,0.034074699948841
"SoundHn_IntervalP.5_Per",-3.67147594452589,"Baldassare Galuppi","high",1,701,"Il_regno","Ale",0.111111111111111,0.0133651212758142,0.00760068459734061,0.0165199760439794,0.00701755383637682
"SoundHn_IntervalP.5_Per",-3.67147594452589,"Baldassare Galuppi","high",2,1285,"Son_confusa","Ale",0.0670103092783505,0.0133651212758142,0.00760068459734061,0.0165199760439794,0.00701755383637682
"SoundHn_IntervalP.5_Per",-3.67147594452589,"Baldassare Galuppi","high",3,772,"Va_crescendo","Did",0.0666666666666666,0.0133651212758142,0.00760068459734061,0.0165199760439794,0.00701755383637682
"SoundHn_IntervalP.5_Per",-3.67147594452589,"Davide Perez","low",1,2758,"Dal_labro","Adr",0,0.0133651212758142,0.00760068459734061,0.0165199760439794,0.00701755383637682
"SoundHn_IntervalP.5_Per",-3.67147594452589,"Davide Perez","low",2,2760,"Prigioniera_abbandonata","Adr",0,0.0133651212758142,0.00760068459734061,0.0165199760439794,0.00701755383637682
"SoundHn_IntervalP.5_Per",-3.67147594452589,"Davide Perez","low",3,2763,"Numi_se","Adr",0,0.0133651212758142,0.00760068459734061,0.0165199760439794,0.00701755383637682
"SoundHn_IntervalP.5_Per",-3.67147594452589,"Niccolò Jommelli","high",1,226,"Va_crescendo","Did",0.1125,0.0133651212758142,0.00760068459734061,0.0165199760439794,0.00701755383637682
"SoundHn_IntervalP.5_Per",-3.67147594452589,"Niccolò Jommelli","high",2,1183,"Non_odi","Dem",0.103603603603604,0.0133651212758142,0.00760068459734061,0.0165199760439794,0.00701755383637682
"SoundHn_IntervalP.5_Per",-3.67147594452589,"Niccolò Jommelli","high",3,1616,"Son_confusa","Ale",0.0783582089552238,0.0133651212758142,0.00760068459734061,0.0165199760439794,0.00701755383637682
"SoundHn_IntervalP.5_Per",-3.67147594452589,"Johann Adolph Hasse","low",1,2723,"Dal_labro","Adr",0,0.0133651212758142,0.00760068459734061,0.0165199760439794,0.00701755383637682
"SoundHn_IntervalP.5_Per",-3.67147594452589,"Johann Adolph Hasse","low",2,2725,"Dopo_un","Adr",0,0.0133651212758142,0.00760068459734061,0.0165199760439794,0.00701755383637682
"SoundHn_IntervalP.5_Per",-3.67147594452589,"Johann Adolph Hasse","low",3,2726,"E_vero","Adr",0,0.0133651212758142,0.00760068459734061,0.0165199760439794,0.00701755383637682
"SoundOb_IntervalM7_Per",-5.1098016988755,"Baldassare Galuppi","high",1,2024,"Va_tra","Art",0.0105913503971756,0.000575734885205921,0.000112831595288095,0.000336995971884918,0.00046323191393587
"SoundOb_IntervalM7_Per",-5.1098016988755,"Baldassare Galuppi","high",2,2038,"Figlio_se","Art",0.0091185410334346,0.000575734885205921,0.000112831595288095,0.000336995971884918,0.00046323191393587
"SoundOb_IntervalM7_Per",-5.1098016988755,"Baldassare Galuppi","high",3,1210,"Non_curo","Dem",0.0058394160583941,0.000575734885205921,0.000112831595288095,0.000336995971884918,0.00046323191393587
"SoundOb_IntervalM7_Per",-5.1098016988755,"Davide Perez","low",1,2758,"Dal_labro","Adr",0,0.000575734885205921,0.000112831595288095,0.000336995971884918,0.00046323191393587
"SoundOb_IntervalM7_Per",-5.1098016988755,"Davide Perez","low",2,2759,"Sprezza_il","Adr",0,0.000575734885205921,0.000112831595288095,0.000336995971884918,0.00046323191393587
"SoundOb_IntervalM7_Per",-5.1098016988755,"Davide Perez","low",3,2761,"Dopo_un","Adr",0,0.000575734885205921,0.000112831595288095,0.000336995971884918,0.00046323191393587
"SoundOb_IntervalM7_Per",-5.1098016988755,"Niccolò Jommelli","low",1,1571,"Vedrai_con","Ale",0,0.000575734885205921,0.000112831595288095,0.000336995971884918,0.00046323191393587
"SoundOb_IntervalM7_Per",-5.1098016988755,"Niccolò Jommelli","low",2,1576,"Vil_trofeo","Ale",0,0.000575734885205921,0.000112831595288095,0.000336995971884918,0.00046323191393587
"SoundOb_IntervalM7_Per",-5.1098016988755,"Niccolò Jommelli","low",3,1572,"Chi_vive","Ale",0,0.000575734885205921,0.000112831595288095,0.000336995971884918,0.00046323191393587
"SoundOb_IntervalM7_Per",-5.1098016988755,"Johann Adolph Hasse","high",1,609,"Che_mai","Dem",0.0111111111111111,0.000575734885205921,0.000112831595288095,0.000336995971884918,0.00046323191393587
"SoundOb_IntervalM7_Per",-5.1098016988755,"Johann Adolph Hasse","high",2,2022,"Amalo_e","Art",0.01,0.000575734885205921,0.000112831595288095,0.000336995971884918,0.00046323191393587
"SoundOb_IntervalM7_Per",-5.1098016988755,"Johann Adolph Hasse","high",3,572,"No_non","Dem",0.0070921985815602,0.000575734885205921,0.000112831595288095,0.000336995971884918,0.00046323191393587
"SoundSop_IntervalA2_Per",5.03472378813361,"Baldassare Galuppi","low",1,1262,"E_prezzo","Ale",0,0.00019491659921671,0.000737799398520059,0.000236538832623246,0.000262466112387506
"SoundSop_IntervalA2_Per",5.03472378813361,"Baldassare Galuppi","low",2,668,"E_prezzo","Ale",0,0.00019491659921671,0.000737799398520059,0.000236538832623246,0.000262466112387506
"SoundSop_IntervalA2_Per",5.03472378813361,"Baldassare Galuppi","low",3,1263,"Vedrai_con","Ale",0,0.00019491659921671,0.000737799398520059,0.000236538832623246,0.000262466112387506
"SoundSop_IntervalA2_Per",5.03472378813361,"Davide Perez","high",1,93,"Misero_pargoletto","Dem",0.0157480314960629,0.00019491659921671,0.000737799398520059,0.000236538832623246,0.000262466112387506
"SoundSop_IntervalA2_Per",5.03472378813361,"Davide Perez","high",2,1934,"Deh_respirar","Art",0.0079681274900398,0.00019491659921671,0.000737799398520059,0.000236538832623246,0.000262466112387506
"SoundSop_IntervalA2_Per",5.03472378813361,"Davide Perez","high",3,712,"Se_il","Ale",0.0078328981723237,0.00019491659921671,0.000737799398520059,0.000236538832623246,0.000262466112387506
"SoundSop_IntervalA2_Per",5.03472378813361,"Niccolò Jommelli","low",1,1571,"Vedrai_con","Ale",0,0.00019491659921671,0.000737799398520059,0.000236538832623246,0.000262466112387506
"SoundSop_IntervalA2_Per",5.03472378813361,"Niccolò Jommelli","low",2,1576,"Vil_trofeo","Ale",0,0.00019491659921671,0.000737799398520059,0.000236538832623246,0.000262466112387506
"SoundSop_IntervalA2_Per",5.03472378813361,"Niccolò Jommelli","low",3,1572,"Chi_vive","Ale",0,0.00019491659921671,0.000737799398520059,0.000236538832623246,0.000262466112387506
"SoundSop_IntervalA2_Per",5.03472378813361,"Johann Adolph Hasse","low",1,2723,"Dal_labro","Adr",0,0.00019491659921671,0.000737799398520059,0.000236538832623246,0.000262466112387506
"SoundSop_IntervalA2_Per",5.03472378813361,"Johann Adolph Hasse","low",2,2724,"Sprezza_il","Adr",0,0.00019491659921671,0.000737799398520059,0.000236538832623246,0.000262466112387506
"SoundSop_IntervalA2_Per",5.03472378813361,"Johann Adolph Hasse","low",3,2725,"Dopo_un","Adr",0,0.00019491659921671,0.000737799398520059,0.000236538832623246,0.000262466112387506
"SoundSop_Intervalm3_Per",4.47504484765215,"Baldassare Galuppi","low",1,1262,"E_prezzo","Ale",0,0.0262593423025468,0.0446263497130037,0.0353283632643789,0.0191252463475472
"SoundSop_Intervalm3_Per",4.47504484765215,"Baldassare Galuppi","low",2,1266,"Vil_trofeo","Ale",0,0.0262593423025468,0.0446263497130037,0.0353283632643789,0.0191252463475472
"SoundSop_Intervalm3_Per",4.47504484765215,"Baldassare Galuppi","low",3,670,"Vil_trofeo","Ale",0,0.0262593423025468,0.0446263497130037,0.0353283632643789,0.0191252463475472
"SoundSop_Intervalm3_Per",4.47504484765215,"Davide Perez","high",1,1058,"Se_mai","Ale",0.134615384615385,0.0262593423025468,0.0446263497130037,0.0353283632643789,0.0191252463475472
"SoundSop_Intervalm3_Per",4.47504484765215,"Davide Perez","high",2,34,"Ah_non_lasciarmi","Did",0.123684210526316,0.0262593423025468,0.0446263497130037,0.0353283632643789,0.0191252463475472
"SoundSop_Intervalm3_Per",4.47504484765215,"Davide Perez","high",3,255,"Fra_tutte","Did",0.114649681528662,0.0262593423025468,0.0446263497130037,0.0353283632643789,0.0191252463475472
"SoundSop_Intervalm3_Per",4.47504484765215,"Niccolò Jommelli","low",1,1576,"Vil_trofeo","Ale",0,0.0262593423025468,0.0446263497130037,0.0353283632643789,0.0191252463475472
"SoundSop_Intervalm3_Per",4.47504484765215,"Niccolò Jommelli","low",2,1609,"Se_e","Ale",0,0.0262593423025468,0.0446263497130037,0.0353283632643789,0.0191252463475472
"SoundSop_Intervalm3_Per",4.47504484765215,"Niccolò Jommelli","low",3,2160,"Su_le","Art",0,0.0262593423025468,0.0446263497130037,0.0353283632643789,0.0191252463475472
"SoundSop_Intervalm3_Per",4.47504484765215,"Johann Adolph Hasse","low",1,2723,"Dal_labro","Adr",0,0.0262593423025468,0.0446263497130037,0.0353283632643789,0.0191252463475472
"SoundSop_Intervalm3_Per",4.47504484765215,"Johann Adolph Hasse","low",2,2724,"Sprezza_il","Adr",0,0.0262593423025468,0.0446263497130037,0.0353283632643789,0.0191252463475472
"SoundSop_Intervalm3_Per",4.47504484765215,"Johann Adolph Hasse","low",3,2726,"E_vero","Adr",0,0.0262593423025468,0.0446263497130037,0.0353283632643789,0.0191252463475472
"SoundVa_AbsoluteIntervallicKurtosis",-3.73571503295488,"Baldassare Galuppi","high",1,1284,"Dove_si","Ale",16.6086522656878,3.64793516259072,3.0340390299382,2.64978231055097,4.34450024669806
"SoundVa_AbsoluteIntervallicKurtosis",-3.73571503295488,"Baldassare Galuppi","high",2,705,"Dove_si","Ale",15.5621833760532,3.64793516259072,3.0340390299382,2.64978231055097,4.34450024669806
"SoundVa_AbsoluteIntervallicKurtosis",-3.73571503295488,"Baldassare Galuppi","high",3,769,"Fosca_nube","Did",13.9206431015483,3.64793516259072,3.0340390299382,2.64978231055097,4.34450024669806
"SoundVa_AbsoluteIntervallicKurtosis",-3.73571503295488,"Davide Perez","low",1,1342,"Vedrai_con","Ale",-0.122791296676626,3.64793516259072,3.0340390299382,2.64978231055097,4.34450024669806
"SoundVa_AbsoluteIntervallicKurtosis",-3.73571503295488,"Davide Perez","low",2,1968,"Nuvoletta_opposta","Art",-0.0653097423306361,3.64793516259072,3.0340390299382,2.64978231055097,4.34450024669806
"SoundVa_AbsoluteIntervallicKurtosis",-3.73571503295488,"Davide Perez","low",3,255,"Fra_tutte","Did",0.0878361214608305,3.64793516259072,3.0340390299382,2.64978231055097,4.34450024669806
"SoundVa_AbsoluteIntervallicKurtosis",-3.73571503295488,"Niccolò Jommelli","low",1,934,"Odo_il","Dem",-1.28070379406546,3.64793516259072,3.0340390299382,2.64978231055097,4.34450024669806
"SoundVa_AbsoluteIntervallicKurtosis",-3.73571503295488,"Niccolò Jommelli","low",2,1575,"Se_mai","Ale",-1.21941005553712,3.64793516259072,3.0340390299382,2.64978231055097,4.34450024669806
"SoundVa_AbsoluteIntervallicKurtosis",-3.73571503295488,"Niccolò Jommelli","low",3,2410,"Mi_scacci","Art",-1.21208961890834,3.64793516259072,3.0340390299382,2.64978231055097,4.34450024669806
"SoundVa_AbsoluteIntervallicKurtosis",-3.73571503295488,"Johann Adolph Hasse","high",1,888,"Giacche_vivendo","Dem",34.2583790708503,3.64793516259072,3.0340390299382,2.64978231055097,4.34450024669806
"SoundVa_AbsoluteIntervallicKurtosis",-3.73571503295488,"Johann Adolph Hasse","high",2,564,"Sperai_vicino","Dem",18.607668888505,3.64793516259072,3.0340390299382,2.64978231055097,4.34450024669806
"SoundVa_AbsoluteIntervallicKurtosis",-3.73571503295488,"Johann Adolph Hasse","high",3,2069,"Va_tra","Art",14.5077000403313,3.64793516259072,3.0340390299382,2.64978231055097,4.34450024669806
"SoundVa_AbsoluteIntervallicTrimDiff",-3.99501905693458,"Baldassare Galuppi","high",1,109,"Se_resto","Did",0.932307744039813,0.636787622292276,0.553377889168037,0.65387194108789,0.569599862843761
"SoundVa_AbsoluteIntervallicTrimDiff",-3.99501905693458,"Baldassare Galuppi","high",2,831,"Deh_resta","Did",0.907519679264656,0.636787622292276,0.553377889168037,0.65387194108789,0.569599862843761
"SoundVa_AbsoluteIntervallicTrimDiff",-3.99501905693458,"Baldassare Galuppi","high",3,774,"Vado_ma","Did",0.897546453136228,0.636787622292276,0.553377889168037,0.65387194108789,0.569599862843761
"SoundVa_AbsoluteIntervallicTrimDiff",-3.99501905693458,"Davide Perez","low",1,263,"Quel_nocchier","Did",0.155864253649628,0.636787622292276,0.553377889168037,0.65387194108789,0.569599862843761
"SoundVa_AbsoluteIntervallicTrimDiff",-3.99501905693458,"Davide Perez","low",2,784,"Se_ardire","Dem",0.2031184273255,0.636787622292276,0.553377889168037,0.65387194108789,0.569599862843761
"SoundVa_AbsoluteIntervallicTrimDiff",-3.99501905693458,"Davide Perez","low",3,1968,"Nuvoletta_opposta","Art",0.268012954848543,0.636787622292276,0.553377889168037,0.65387194108789,0.569599862843761
"SoundVa_AbsoluteIntervallicTrimDiff",-3.99501905693458,"Niccolò Jommelli","high",1,214,"Quando_saprai","Did",1.0123996054671,0.636787622292276,0.553377889168037,0.65387194108789,0.569599862843761
"SoundVa_AbsoluteIntervallicTrimDiff",-3.99501905693458,"Niccolò Jommelli","high",2,475,"Sperai_vicino","Dem",0.996169987369107,0.636787622292276,0.553377889168037,0.65387194108789,0.569599862843761
"SoundVa_AbsoluteIntervallicTrimDiff",-3.99501905693458,"Niccolò Jommelli","high",3,51,"Son_regina","Did",0.97401384827519,0.636787622292276,0.553377889168037,0.65387194108789,0.569599862843761
"SoundVa_AbsoluteIntervallicTrimDiff",-3.99501905693458,"Johann Adolph Hasse","low",1,728,"Vuoi_saper","Ale",0.159406215316316,0.636787622292276,0.553377889168037,0.65387194108789,0.569599862843761
"SoundVa_AbsoluteIntervallicTrimDiff",-3.99501905693458,"Johann Adolph Hasse","low",2,733,"Generoso_resvegliarti","Ale",0.301986424909816,0.636787622292276,0.553377889168037,0.65387194108789,0.569599862843761
"SoundVa_AbsoluteIntervallicTrimDiff",-3.99501905693458,"Johann Adolph Hasse","low",3,2304,"E_ver","Ale",0.312624333572054,0.636787622292276,0.553377889168037,0.65387194108789,0.569599862843761
"SoundVa_DescendingIntervallicStd",-7.61281311768834,"Baldassare Galuppi","high",1,774,"Vado_ma","Did",4.67308266703075,3.47808515070204,2.9075360388755,3.57735381560085,2.92117842408007
"SoundVa_DescendingIntervallicStd",-7.61281311768834,"Baldassare Galuppi","high",2,683,"Destrier_che","Ale",4.67186697115496,3.47808515070204,2.9075360388755,3.57735381560085,2.92117842408007
"SoundVa_DescendingIntervallicStd",-7.61281311768834,"Baldassare Galuppi","high",3,1226,"Perfidi_gia","Dem",4.61771119311458,3.47808515070204,2.9075360388755,3.57735381560085,2.92117842408007
"SoundVa_DescendingIntervallicStd",-7.61281311768834,"Davide Perez","low",1,1989,"Non_e","Art",1.68086776865291,3.47808515070204,2.9075360388755,3.57735381560085,2.92117842408007
"SoundVa_DescendingIntervallicStd",-7.61281311768834,"Davide Perez","low",2,787,"E_soccorso","Dem",1.74823266767254,3.47808515070204,2.9075360388755,3.57735381560085,2.92117842408007
"SoundVa_DescendingIntervallicStd",-7.61281311768834,"Davide Perez","low",3,1947,"Se_dun","Art",1.85312576376084,3.47808515070204,2.9075360388755,3.57735381560085,2.92117842408007
"SoundVa_DescendingIntervallicStd",-7.61281311768834,"Niccolò Jommelli","high",1,135,"Cadra_fra","Did",5.69092149608708,3.47808515070204,2.9075360388755,3.57735381560085,2.92117842408007
"SoundVa_DescendingIntervallicStd",-7.61281311768834,"Niccolò Jommelli","high",2,206,"Ardi_per","Did",4.85477313614525,3.47808515070204,2.9075360388755,3.57735381560085,2.92117842408007
"SoundVa_DescendingIntervallicStd",-7.61281311768834,"Niccolò Jommelli","high",3,934,"Odo_il","Dem",4.79928926582539,3.47808515070204,2.9075360388755,3.57735381560085,2.92117842408007
"SoundVa_DescendingIntervallicStd",-7.61281311768834,"Johann Adolph Hasse","low",1,2311,"Di_rendermi","Ale",1.65983542618242,3.47808515070204,2.9075360388755,3.57735381560085,2.92117842408007
"SoundVa_DescendingIntervallicStd",-7.61281311768834,"Johann Adolph Hasse","low",2,886,"Del_cielo","Dem",1.75786841700302,3.47808515070204,2.9075360388755,3.57735381560085,2.92117842408007
"SoundVa_DescendingIntervallicStd",-7.61281311768834,"Johann Adolph Hasse","low",3,2730,"Se_non","Adr",1.77462420695103,3.47808515070204,2.9075360388755,3.57735381560085,2.92117842408007
"SoundVa_HighestNoteIndex",-5.46463200219527,"Baldassare Galuppi","high",1,668,"E_prezzo","Ale",79,74.4485294117647,73.5590062111801,74.7581395348837,73.9303482587065
"SoundVa_HighestNoteIndex",-5.46463200219527,"Baldassare Galuppi","high",2,1215,"No_non","Dem",78,74.4485294117647,73.5590062111801,74.7581395348837,73.9303482587065
"SoundVa_HighestNoteIndex",-5.46463200219527,"Baldassare Galuppi","high",3,769,"Fosca_nube","Did",78,74.4485294117647,73.5590062111801,74.7581395348837,73.9303482587065
"SoundVa_HighestNoteIndex",-5.46463200219527,"Davide Perez","low",1,1350,"Se_mai","Ale",66,74.4485294117647,73.5590062111801,74.7581395348837,73.9303482587065
"SoundVa_HighestNoteIndex",-5.46463200219527,"Davide Perez","low",2,1058,"Se_mai","Ale",70,74.4485294117647,73.5590062111801,74.7581395348837,73.9303482587065
"SoundVa_HighestNoteIndex",-5.46463200219527,"Davide Perez","low",3,1374,"Destrier_che","Ale",70,74.4485294117647,73.5590062111801,74.7581395348837,73.9303482587065
"SoundVa_HighestNoteIndex",-5.46463200219527,"Niccolò Jommelli","high",1,2408,"Dimmi_che","Art",79,74.4485294117647,73.5590062111801,74.7581395348837,73.9303482587065
"SoundVa_HighestNoteIndex",-5.46463200219527,"Niccolò Jommelli","high",2,357,"Son_quel","Did",79,74.4485294117647,73.5590062111801,74.7581395348837,73.9303482587065
"SoundVa_HighestNoteIndex",-5.46463200219527,"Niccolò Jommelli","high",3,945,"E_soccorso","Dem",78,74.4485294117647,73.5590062111801,74.7581395348837,73.9303482587065
"SoundVa_HighestNoteIndex",-5.46463200219527,"Johann Adolph Hasse","low",1,2300,"Sommi_dei","Ale",66,74.4485294117647,73.5590062111801,74.7581395348837,73.9303482587065
"SoundVa_HighestNoteIndex",-5.46463200219527,"Johann Adolph Hasse","low",2,118,"Se_tutti","Dem",67,74.4485294117647,73.5590062111801,74.7581395348837,73.9303482587065
"SoundVa_HighestNoteIndex",-5.46463200219527,"Johann Adolph Hasse","low",3,2309,"Se_viver","Ale",69,74.4485294117647,73.5590062111801,74.7581395348837,73.9303482587065
"SoundVa_IntervalM2_Per",-5.69052813253101,"Baldassare Galuppi","high",1,772,"Va_crescendo","Did",0.183673469387755,0.0839171419710277,0.0595918650261983,0.0903564939857392,0.0992424557718741
"SoundVa_IntervalM2_Per",-5.69052813253101,"Baldassare Galuppi","high",2,1243,"Che_mai","Dem",0.181494661921708,0.0839171419710277,0.0595918650261983,0.0903564939857392,0.0992424557718741
"SoundVa_IntervalM2_Per",-5.69052813253101,"Baldassare Galuppi","high",3,708,"Ombra_dell","Ale",0.164705882352941,0.0839171419710277,0.0595918650261983,0.0903564939857392,0.0992424557718741
"SoundVa_IntervalM2_Per",-5.69052813253101,"Davide Perez","low",1,691,"Vil_trofeo","Ale",0.0056818181818181,0.0839171419710277,0.0595918650261983,0.0903564939857392,0.0992424557718741
"SoundVa_IntervalM2_Per",-5.69052813253101,"Davide Perez","low",2,1985,"Figlio_se","Art",0.0113924050632911,0.0839171419710277,0.0595918650261983,0.0903564939857392,0.0992424557718741
"SoundVa_IntervalM2_Per",-5.69052813253101,"Davide Perez","low",3,1374,"Destrier_che","Ale",0.0122699386503067,0.0839171419710277,0.0595918650261983,0.0903564939857392,0.0992424557718741
"SoundVa_IntervalM2_Per",-5.69052813253101,"Niccolò Jommelli","high",1,2098,"Per_pieta_bell","Art",0.206106870229008,0.0839171419710277,0.0595918650261983,0.0903564939857392,0.0992424557718741
"SoundVa_IntervalM2_Per",-5.69052813253101,"Niccolò Jommelli","high",2,928,"Se_tronca","Dem",0.205689277899343,0.0839171419710277,0.0595918650261983,0.0903564939857392,0.0992424557718741
"SoundVa_IntervalM2_Per",-5.69052813253101,"Niccolò Jommelli","high",3,382,"Infidel_ti","Did",0.204131227217497,0.0839171419710277,0.0595918650261983,0.0903564939857392,0.0992424557718741
"SoundVa_IntervalM2_Per",-5.69052813253101,"Johann Adolph Hasse","high",1,578,"Odo_il","Dem",0.316187594553706,0.0839171419710277,0.0595918650261983,0.0903564939857392,0.0992424557718741
"SoundVa_IntervalM2_Per",-5.69052813253101,"Johann Adolph Hasse","high",2,2129,"Non_ti","Art",0.275,0.0839171419710277,0.0595918650261983,0.0903564939857392,0.0992424557718741
"SoundVa_IntervalM2_Per",-5.69052813253101,"Johann Adolph Hasse","high",3,866,"Non_odi","Dem",0.233933161953727,0.0839171419710277,0.0595918650261983,0.0903564939857392,0.0992424557718741
"SoundVa_IntervalM3_Per",6.87182859866096,"Baldassare Galuppi","low",1,2009,"Fra_cento","Art",0.0017094017094017,0.0237379198664041,0.0404985001480558,0.0254680696539355,0.0227267344679284
"SoundVa_IntervalM3_Per",6.87182859866096,"Baldassare Galuppi","low",2,769,"Fosca_nube","Did",0.002061855670103,0.0237379198664041,0.0404985001480558,0.0254680696539355,0.0227267344679284
"SoundVa_IntervalM3_Per",6.87182859866096,"Baldassare Galuppi","low",3,2017,"Rendimi_il","Art",0.003338898163606,0.0237379198664041,0.0404985001480558,0.0254680696539355,0.0227267344679284
"SoundVa_IntervalM3_Per",6.87182859866096,"Davide Perez","high",1,263,"Quel_nocchier","Did",0.214953271028037,0.0237379198664041,0.0404985001480558,0.0254680696539355,0.0227267344679284
"SoundVa_IntervalM3_Per",6.87182859866096,"Davide Perez","high",2,784,"Se_ardire","Dem",0.174170616113744,0.0237379198664041,0.0404985001480558,0.0254680696539355,0.0227267344679284
"SoundVa_IntervalM3_Per",6.87182859866096,"Davide Perez","high",3,252,"Fosca_nube","Did",0.131639722863741,0.0237379198664041,0.0404985001480558,0.0254680696539355,0.0227267344679284
"SoundVa_IntervalM3_Per",6.87182859866096,"Niccolò Jommelli","low",1,32,"Non_ha","Did",0,0.0237379198664041,0.0404985001480558,0.0254680696539355,0.0227267344679284
"SoundVa_IntervalM3_Per",6.87182859866096,"Niccolò Jommelli","low",2,1175,"Per_lei","Dem",0.0019512195121951,0.0237379198664041,0.0404985001480558,0.0254680696539355,0.0227267344679284
"SoundVa_IntervalM3_Per",6.87182859866096,"Niccolò Jommelli","low",3,135,"Cadra_fra","Did",0.0027434842249657,0.0237379198664041,0.0404985001480558,0.0254680696539355,0.0227267344679284
"SoundVa_IntervalM3_Per",6.87182859866096,"Johann Adolph Hasse","low",1,579,"Che_mai","Dem",0,0.0237379198664041,0.0404985001480558,0.0254680696539355,0.0227267344679284
"SoundVa_IntervalM3_Per",6.87182859866096,"Johann Adolph Hasse","low",2,890,"Per_lei","Dem",0,0.0237379198664041,0.0404985001480558,0.0254680696539355,0.0227267344679284
"SoundVa_IntervalM3_Per",6.87182859866096,"Johann Adolph Hasse","low",3,733,"Generoso_resvegliarti","Ale",0.0021834061135371,0.0237379198664041,0.0404985001480558,0.0254680696539355,0.0227267344679284
"SoundVa_IntervalP.4_Per",7.05525608568727,"Baldassare Galuppi","low",1,2043,"Perche_tarda","Art",0,0.0198224688896867,0.0367648097359609,0.0219038964309636,0.0202857889054789
"SoundVa_IntervalP.4_Per",7.05525608568727,"Baldassare Galuppi","low",2,1159,"Va_crescendo","Did",0,0.0198224688896867,0.0367648097359609,0.0219038964309636,0.0202857889054789
"SoundVa_IntervalP.4_Per",7.05525608568727,"Baldassare Galuppi","low",3,703,"Serbati_a","Ale",0.0024721878862793,0.0198224688896867,0.0367648097359609,0.0219038964309636,0.0202857889054789
"SoundVa_IntervalP.4_Per",7.05525608568727,"Davide Perez","high",1,1383,"Mio_ben","Ale",0.0989010989010989,0.0198224688896867,0.0367648097359609,0.0219038964309636,0.0202857889054789
"SoundVa_IntervalP.4_Per",7.05525608568727,"Davide Perez","high",2,2771,"Leon_piagato","Adr",0.0903307888040712,0.0198224688896867,0.0367648097359609,0.0219038964309636,0.0202857889054789
"SoundVa_IntervalP.4_Per",7.05525608568727,"Davide Perez","high",3,1058,"Se_mai","Ale",0.0869565217391304,0.0198224688896867,0.0367648097359609,0.0219038964309636,0.0202857889054789
"SoundVa_IntervalP.4_Per",7.05525608568727,"Niccolò Jommelli","low",1,1575,"Se_mai","Ale",0,0.0198224688896867,0.0367648097359609,0.0219038964309636,0.0202857889054789
"SoundVa_IntervalP.4_Per",7.05525608568727,"Niccolò Jommelli","low",2,2400,"Va_tra","Art",0,0.0198224688896867,0.0367648097359609,0.0219038964309636,0.0202857889054789
"SoundVa_IntervalP.4_Per",7.05525608568727,"Niccolò Jommelli","low",3,934,"Odo_il","Dem",0,0.0198224688896867,0.0367648097359609,0.0219038964309636,0.0202857889054789
"SoundVa_IntervalP.4_Per",7.05525608568727,"Johann Adolph Hasse","low",1,2330,"Mio_ben","Ale",0,0.0198224688896867,0.0367648097359609,0.0219038964309636,0.0202857889054789
"SoundVa_IntervalP.4_Per",7.05525608568727,"Johann Adolph Hasse","low",2,743,"Non_e","Ale",0,0.0198224688896867,0.0367648097359609,0.0219038964309636,0.0202857889054789
"SoundVa_IntervalP.4_Per",7.05525608568727,"Johann Adolph Hasse","low",3,2078,"Rendimi_il","Art",0,0.0198224688896867,0.0367648097359609,0.0219038964309636,0.0202857889054789
"SoundVa_IntervalP5_Per",5.46103277923795,"Baldassare Galuppi","low",1,708,"Ombra_dell","Ale",0,0.010665350290741,0.016317201669324,0.0129549649479464,0.0146500208291645
"SoundVa_IntervalP5_Per",5.46103277923795,"Baldassare Galuppi","low",2,679,"Frangi_la","Ale",0,0.010665350290741,0.016317201669324,0.0129549649479464,0.0146500208291645
"SoundVa_IntervalP5_Per",5.46103277923795,"Baldassare Galuppi","low",3,2023,"Su_le","Art",0,0.010665350290741,0.016317201669324,0.0129549649479464,0.0146500208291645
"SoundVa_IntervalP5_Per",5.46103277923795,"Davide Perez","high",1,1375,"E_ver","Ale",0.0714285714285714,0.010665350290741,0.016317201669324,0.0129549649479464,0.0146500208291645
"SoundVa_IntervalP5_Per",5.46103277923795,"Davide Perez","high",2,1963,"Perche_tarda","Art",0.0526315789473684,0.010665350290741,0.016317201669324,0.0129549649479464,0.0146500208291645
"SoundVa_IntervalP5_Per",5.46103277923795,"Davide Perez","high",3,696,"Voi_che","Ale",0.0512820512820512,0.010665350290741,0.016317201669324,0.0129549649479464,0.0146500208291645
"SoundVa_IntervalP5_Per",5.46103277923795,"Niccolò Jommelli","low",1,2400,"Va_tra","Art",0,0.010665350290741,0.016317201669324,0.0129549649479464,0.0146500208291645
"SoundVa_IntervalP5_Per",5.46103277923795,"Niccolò Jommelli","low",2,463,"O_piu","Dem",0,0.010665350290741,0.016317201669324,0.0129549649479464,0.0146500208291645
"SoundVa_IntervalP5_Per",5.46103277923795,"Niccolò Jommelli","low",3,1182,"Perfidi_gia","Dem",0,0.010665350290741,0.016317201669324,0.0129549649479464,0.0146500208291645
"SoundVa_IntervalP5_Per",5.46103277923795,"Johann Adolph Hasse","high",1,728,"Vuoi_saper","Ale",0.0849056603773584,0.010665350290741,0.016317201669324,0.0129549649479464,0.0146500208291645
"SoundVa_IntervalP5_Per",5.46103277923795,"Johann Adolph Hasse","high",2,733,"Generoso_resvegliarti","Ale",0.0807860262008733,0.010665350290741,0.016317201669324,0.0129549649479464,0.0146500208291645
"SoundVa_IntervalP5_Per",5.46103277923795,"Johann Adolph Hasse","high",3,568,"Per_lei","Dem",0.0577507598784194,0.010665350290741,0.016317201669324,0.0129549649479464,0.0146500208291645
"SoundVa_IntervalP8_Per",-3.74158706439217,"Baldassare Galuppi","high",1,669,"Vedrai_con","Ale",0.119402985074627,0.0245307297836127,0.0154324209875386,0.0365643526268285,0.0188133703953364
"SoundVa_IntervalP8_Per",-3.74158706439217,"Baldassare Galuppi","high",2,2035,"Cosi_stupisce","Art",0.117936117936118,0.0245307297836127,0.0154324209875386,0.0365643526268285,0.0188133703953364
"SoundVa_IntervalP8_Per",-3.74158706439217,"Baldassare Galuppi","high",3,1210,"Non_curo","Dem",0.115234375,0.0245307297836127,0.0154324209875386,0.0365643526268285,0.0188133703953364
"SoundVa_IntervalP8_Per",-3.74158706439217,"Davide Perez","low",1,2777,"Oh_dio","Adr",0,0.0245307297836127,0.0154324209875386,0.0365643526268285,0.0188133703953364
"SoundVa_IntervalP8_Per",-3.74158706439217,"Davide Perez","low",2,1350,"Se_mai","Ale",0,0.0245307297836127,0.0154324209875386,0.0365643526268285,0.0188133703953364
"SoundVa_IntervalP8_Per",-3.74158706439217,"Davide Perez","low",3,1058,"Se_mai","Ale",0,0.0245307297836127,0.0154324209875386,0.0365643526268285,0.0188133703953364
"SoundVa_IntervalP8_Per",-3.74158706439217,"Niccolò Jommelli","high",1,135,"Cadra_fra","Did",0.167352537722908,0.0245307297836127,0.0154324209875386,0.0365643526268285,0.0188133703953364
"SoundVa_IntervalP8_Per",-3.74158706439217,"Niccolò Jommelli","high",2,218,"Gia_si","Did",0.145922746781116,0.0245307297836127,0.0154324209875386,0.0365643526268285,0.0188133703953364
"SoundVa_IntervalP8_Per",-3.74158706439217,"Niccolò Jommelli","high",3,934,"Odo_il","Dem",0.134361233480176,0.0245307297836127,0.0154324209875386,0.0365643526268285,0.0188133703953364
"SoundVa_IntervalP8_Per",-3.74158706439217,"Johann Adolph Hasse","low",1,727,"Se_possono","Ale",0,0.0245307297836127,0.0154324209875386,0.0365643526268285,0.0188133703953364
"SoundVa_IntervalP8_Per",-3.74158706439217,"Johann Adolph Hasse","low",2,2300,"Sommi_dei","Ale",0,0.0245307297836127,0.0154324209875386,0.0365643526268285,0.0188133703953364
"SoundVa_IntervalP8_Per",-3.74158706439217,"Johann Adolph Hasse","low",3,2320,"Dove_si","Ale",0,0.0245307297836127,0.0154324209875386,0.0365643526268285,0.0188133703953364
"SoundVa_IntervallicTrimDiff",4.12661333376378,"Baldassare Galuppi","low",1,2023,"Su_le","Art",-0.510354616029763,-0.0514861158969971,-0.0144421653691718,0.0055146210090484,0.00879565544700849
"SoundVa_IntervallicTrimDiff",4.12661333376378,"Baldassare Galuppi","low",2,772,"Va_crescendo","Did",-0.406091370558376,-0.0514861158969971,-0.0144421653691718,0.0055146210090484,0.00879565544700849
"SoundVa_IntervallicTrimDiff",4.12661333376378,"Baldassare Galuppi","low",3,2026,"Non_conosco","Art",-0.285622747767608,-0.0514861158969971,-0.0144421653691718,0.0055146210090484,0.00879565544700849
"SoundVa_IntervallicTrimDiff",4.12661333376378,"Davide Perez","high",1,249,"Non_so","Did",0.329457364341085,-0.0514861158969971,-0.0144421653691718,0.0055146210090484,0.00879565544700849
"SoundVa_IntervallicTrimDiff",4.12661333376378,"Davide Perez","high",2,1944,"Se_del","Art",0.296398891966759,-0.0514861158969971,-0.0144421653691718,0.0055146210090484,0.00879565544700849
"SoundVa_IntervallicTrimDiff",4.12661333376378,"Davide Perez","high",3,256,"Chiamami_pur","Did",0.277777777777778,-0.0514861158969971,-0.0144421653691718,0.0055146210090484,0.00879565544700849
"SoundVa_IntervallicTrimDiff",4.12661333376378,"Niccolò Jommelli","high",1,2420,"Cosi_stupisce","Art",0.351378134729587,-0.0514861158969971,-0.0144421653691718,0.0055146210090484,0.00879565544700849
"SoundVa_IntervallicTrimDiff",4.12661333376378,"Niccolò Jommelli","high",2,930,"Non_vi","Dem",0.304463737091435,-0.0514861158969971,-0.0144421653691718,0.0055146210090484,0.00879565544700849
"SoundVa_IntervallicTrimDiff",4.12661333376378,"Niccolò Jommelli","high",3,1616,"Son_confusa","Ale",0.28833665559247,-0.0514861158969971,-0.0144421653691718,0.0055146210090484,0.00879565544700849
"SoundVa_IntervallicTrimDiff",4.12661333376378,"Johann Adolph Hasse","high",1,229,"Nel_duol","Did",0.418235369445511,-0.0514861158969971,-0.0144421653691718,0.0055146210090484,0.00879565544700849
"SoundVa_IntervallicTrimDiff",4.12661333376378,"Johann Adolph Hasse","high",2,721,"Vedrai_con","Ale",0.366269025092554,-0.0514861158969971,-0.0144421653691718,0.0055146210090484,0.00879565544700849
"SoundVa_IntervallicTrimDiff",4.12661333376378,"Johann Adolph Hasse","high",3,123,"Cadra_fra","Did",0.308538587848933,-0.0514861158969971,-0.0144421653691718,0.0055146210090484,0.00879565544700849
"SoundVa_Intervalm.6_Per",6.80406478129718,"Baldassare Galuppi","low",1,668,"E_prezzo","Ale",0,0.0046318248020902,0.00970898815105869,0.00531805463515044,0.0059348246516573
"SoundVa_Intervalm.6_Per",6.80406478129718,"Baldassare Galuppi","low",2,670,"Vil_trofeo","Ale",0,0.0046318248020902,0.00970898815105869,0.00531805463515044,0.0059348246516573
"SoundVa_Intervalm.6_Per",6.80406478129718,"Baldassare Galuppi","low",3,1278,"Se_mai","Ale",0,0.0046318248020902,0.00970898815105869,0.00531805463515044,0.0059348246516573
"SoundVa_Intervalm.6_Per",6.80406478129718,"Davide Perez","high",1,1058,"Se_mai","Ale",0.0434782608695652,0.0046318248020902,0.00970898815105869,0.00531805463515044,0.0059348246516573
"SoundVa_Intervalm.6_Per",6.80406478129718,"Davide Perez","high",2,1368,"Se_mai","Ale",0.0426716141001855,0.0046318248020902,0.00970898815105869,0.00531805463515044,0.0059348246516573
"SoundVa_Intervalm.6_Per",6.80406478129718,"Davide Perez","high",3,1063,"Voi_che","Ale",0.0357142857142857,0.0046318248020902,0.00970898815105869,0.00531805463515044,0.0059348246516573
"SoundVa_Intervalm.6_Per",6.80406478129718,"Niccolò Jommelli","low",1,1575,"Se_mai","Ale",0,0.0046318248020902,0.00970898815105869,0.00531805463515044,0.0059348246516573
"SoundVa_Intervalm.6_Per",6.80406478129718,"Niccolò Jommelli","low",2,2120,"Conservati_fedele","Art",0,0.0046318248020902,0.00970898815105869,0.00531805463515044,0.0059348246516573
"SoundVa_Intervalm.6_Per",6.80406478129718,"Niccolò Jommelli","low",3,2070,"Fra_cento","Art",0,0.0046318248020902,0.00970898815105869,0.00531805463515044,0.0059348246516573
"SoundVa_Intervalm.6_Per",6.80406478129718,"Johann Adolph Hasse","low",1,2723,"Dal_labro","Adr",0,0.0046318248020902,0.00970898815105869,0.00531805463515044,0.0059348246516573
"SoundVa_Intervalm.6_Per",6.80406478129718,"Johann Adolph Hasse","low",2,2724,"Sprezza_il","Adr",0,0.0046318248020902,0.00970898815105869,0.00531805463515044,0.0059348246516573
"SoundVa_Intervalm.6_Per",6.80406478129718,"Johann Adolph Hasse","low",3,2727,"Prigioniera_abbandonata","Adr",0,0.0046318248020902,0.00970898815105869,0.00531805463515044,0.0059348246516573
"SoundVa_LargestSemitonesAsc",-4.81914706375751,"Baldassare Galuppi","high",1,1262,"E_prezzo","Ale",24,15.9338235294118,14.2422360248447,16.8976744186047,14.318407960199
"SoundVa_LargestSemitonesAsc",-4.81914706375751,"Baldassare Galuppi","high",2,1714,"Conservati_fedele","Art",24,15.9338235294118,14.2422360248447,16.8976744186047,14.318407960199
"SoundVa_LargestSemitonesAsc",-4.81914706375751,"Baldassare Galuppi","high",3,1147,"Tu_mi_scorgi","Did",24,15.9338235294118,14.2422360248447,16.8976744186047,14.318407960199
"SoundVa_LargestSemitonesAsc",-4.81914706375751,"Davide Perez","low",1,1350,"Se_mai","Ale",8,15.9338235294118,14.2422360248447,16.8976744186047,14.318407960199
"SoundVa_LargestSemitonesAsc",-4.81914706375751,"Davide Perez","low",2,2777,"Oh_dio","Adr",9,15.9338235294118,14.2422360248447,16.8976744186047,14.318407960199
"SoundVa_LargestSemitonesAsc",-4.81914706375751,"Davide Perez","low",3,1968,"Nuvoletta_opposta","Art",9,15.9338235294118,14.2422360248447,16.8976744186047,14.318407960199
"SoundVa_LargestSemitonesAsc",-4.81914706375751,"Niccolò Jommelli","high",1,1497,"Se_mai","Ale",27,15.9338235294118,14.2422360248447,16.8976744186047,14.318407960199
"SoundVa_LargestSemitonesAsc",-4.81914706375751,"Niccolò Jommelli","high",2,1652,"Se_possono","Ale",24,15.9338235294118,14.2422360248447,16.8976744186047,14.318407960199
"SoundVa_LargestSemitonesAsc",-4.81914706375751,"Niccolò Jommelli","high",3,2396,"Sogna_il","Art",24,15.9338235294118,14.2422360248447,16.8976744186047,14.318407960199
"SoundVa_LargestSemitonesAsc",-4.81914706375751,"Johann Adolph Hasse","low",1,2300,"Sommi_dei","Ale",5,15.9338235294118,14.2422360248447,16.8976744186047,14.318407960199
"SoundVa_LargestSemitonesAsc",-4.81914706375751,"Johann Adolph Hasse","low",2,2725,"Dopo_un","Adr",12,15.9338235294118,14.2422360248447,16.8976744186047,14.318407960199
"SoundVa_LargestSemitonesAsc",-4.81914706375751,"Johann Adolph Hasse","low",3,2727,"Prigioniera_abbandonata","Adr",12,15.9338235294118,14.2422360248447,16.8976744186047,14.318407960199
"SoundVa_LowestNoteIndex",14.0361506099515,"Baldassare Galuppi","low",1,1267,"Chi_vive","Ale",48,50.4632352941176,53.5527950310559,50.3488372093023,51.2587064676617
"SoundVa_LowestNoteIndex",14.0361506099515,"Baldassare Galuppi","low",2,674,"Se_mai","Ale",48,50.4632352941176,53.5527950310559,50.3488372093023,51.2587064676617
"SoundVa_LowestNoteIndex",14.0361506099515,"Baldassare Galuppi","low",3,680,"Non_sarei","Ale",48,50.4632352941176,53.5527950310559,50.3488372093023,51.2587064676617
"SoundVa_LowestNoteIndex",14.0361506099515,"Davide Perez","high",1,1350,"Se_mai","Ale",57,50.4632352941176,53.5527950310559,50.3488372093023,51.2587064676617
"SoundVa_LowestNoteIndex",14.0361506099515,"Davide Perez","high",2,1067,"Solo_ascolto","Ale",57,50.4632352941176,53.5527950310559,50.3488372093023,51.2587064676617
"SoundVa_LowestNoteIndex",14.0361506099515,"Davide Perez","high",3,1377,"Se_il","Ale",57,50.4632352941176,53.5527950310559,50.3488372093023,51.2587064676617
"SoundVa_LowestNoteIndex",14.0361506099515,"Niccolò Jommelli","low",1,1571,"Vedrai_con","Ale",48,50.4632352941176,53.5527950310559,50.3488372093023,51.2587064676617
"SoundVa_LowestNoteIndex",14.0361506099515,"Niccolò Jommelli","low",2,1576,"Vil_trofeo","Ale",48,50.4632352941176,53.5527950310559,50.3488372093023,51.2587064676617
"SoundVa_LowestNoteIndex",14.0361506099515,"Niccolò Jommelli","low",3,1497,"Se_mai","Ale",48,50.4632352941176,53.5527950310559,50.3488372093023,51.2587064676617
"SoundVa_LowestNoteIndex",14.0361506099515,"Johann Adolph Hasse","low",1,212,"Quando_londa","Did",45,50.4632352941176,53.5527950310559,50.3488372093023,51.2587064676617
"SoundVa_LowestNoteIndex",14.0361506099515,"Johann Adolph Hasse","low",2,2728,"Vuoi_punir","Adr",48,50.4632352941176,53.5527950310559,50.3488372093023,51.2587064676617
"SoundVa_LowestNoteIndex",14.0361506099515,"Johann Adolph Hasse","low",3,2732,"Saggio_guerriero","Adr",48,50.4632352941176,53.5527950310559,50.3488372093023,51.2587064676617
